character,skillType,skillTitle,type,label,lv10
秧秧·玄翎,常态攻击,济善伐恶,damage,普攻·苍剑式第一段伤害,47.72%
秧秧·玄翎,常态攻击,济善伐恶,damage,普攻·苍剑式第二段伤害,20.14%+20.14%+60.41%
秧秧·玄翎,常态攻击,济善伐恶,damage,普攻·苍剑式第三段伤害,30.21%+70.48%
秧秧·玄翎,常态攻击,济善伐恶,damage,普攻·苍剑式第四段伤害,18.57%+18.57%+148.49%
秧秧·玄翎,常态攻击,济善伐恶,damage,普攻·羽剑式第一段伤害,39.77%+39.77%
秧秧·玄翎,常态攻击,济善伐恶,damage,普攻·羽剑式第二段伤害,33.56%*3
秧秧·玄翎,常态攻击,济善伐恶,damage,普攻·羽剑式第三段伤害,14.86%+7.43%*3+37.14%
秧秧·玄翎,常态攻击,济善伐恶,damage,普攻·羽剑式第四段伤害,71.58%+71.58%+95.43%
秧秧·玄翎,常态攻击,济善伐恶,damage,空中攻击·苍剑式伤害,98.61%
秧秧·玄翎,常态攻击,济善伐恶,damage,空中攻击·羽剑式伤害,98.61%
秧秧·玄翎,常态攻击,济善伐恶,damage,闪避反击·苍剑式伤害,39.23%+39.23%+117.67%
秧秧·玄翎,常态攻击,济善伐恶,damage,闪避反击·羽剑式伤害,65.37%*3
秧秧·玄翎,共鸣技能,羽拭苍锋,damage,剑式切换·苍伤害,69.95%+15.55%*3
秧秧·玄翎,共鸣技能,羽拭苍锋,damage,剑式切换·羽伤害,33.56%*3
秧秧·玄翎,共鸣回路,万声浮道,damage,共鸣技能·剑式流转·苍伤害,69.95%+15.55%*3
秧秧·玄翎,共鸣回路,万声浮道,damage,共鸣技能·剑式流转·羽伤害,33.56%*3
秧秧·玄翎,共鸣回路,万声浮道,damage,重击·苍剑式伤害,135.16%+135.16%+180.21%
秧秧·玄翎,共鸣回路,万声浮道,damage,重击·羽剑式伤害,21.71%+195.34%
秧秧·玄翎,共鸣回路,万声浮道,damage,空中攻击·释羽风落伤害,14.80%*3+66.57%
秧秧·玄翎,共鸣回路,万声浮道,damage,普攻·湮象风华第一段伤害,39.79%*3
秧秧·玄翎,共鸣回路,万声浮道,damage,普攻·湮象风华第二段伤害,89.25%+66.94%+66.94%
秧秧·玄翎,共鸣回路,万声浮道,damage,普攻·湮象风华第三段伤害,23.98%*5+279.69%
秧秧·玄翎,共鸣回路,万声浮道,damage,闪避反击·湮象风华第一段伤害,39.79%*3
秧秧·玄翎,共鸣回路,万声浮道,damage,闪避反击·湮象风华第二段伤害,89.25%+66.94%+66.94%
秧秧·玄翎,共鸣回路,万声浮道,damage,闪避反击·湮象风华第三段伤害,23.98%*5+279.69%
秧秧·玄翎,共鸣回路,万声浮道,damage,声之幻身伤害,523
秧秧·玄翎,共鸣解放,裁羽寂万音,damage,裁羽寂万音伤害,1988.10%
秧秧·玄翎,共鸣解放,裁羽寂万音,damage,玄翎之影伤害,337.98%
秧秧·玄翎,变奏技能,羽挟苍空,damage,羽挟苍空伤害,116.59%
漂泊者-女-导电,常态攻击,止戈,damage,普攻第一段伤害,51.08%
漂泊者-女-导电,常态攻击,止戈,damage,普攻第二段伤害,26.00%+39.00%
漂泊者-女-导电,常态攻击,止戈,damage,普攻第三段伤害,13.27%*7
漂泊者-女-导电,常态攻击,止戈,damage,普攻第四段伤害,72.82%+109.22%
漂泊者-女-导电,常态攻击,止戈,damage,普攻·逆转一击伤害,55.95%
漂泊者-女-导电,常态攻击,止戈,damage,普攻·逆转一击·崩解伤害,59.43%
漂泊者-女-导电,常态攻击,止戈,damage,空中攻击·湮灭第一段伤害,32.43%
漂泊者-女-导电,常态攻击,止戈,damage,空中攻击·湮灭第二段伤害,37.16%
漂泊者-女-导电,常态攻击,止戈,damage,空中攻击·湮灭第三段伤害,37.54%+37.54%+38.68%
漂泊者-女-导电,常态攻击,止戈,damage,空中攻击伤害,104.94%
漂泊者-女-导电,常态攻击,止戈,damage,闪避反击伤害,74.25%+74.25%
漂泊者-女-导电,常态攻击,止戈,damage,空中闪避反击伤害,188.44%
漂泊者-女-导电,共鸣技能,雷引,damage,技能伤害,100.20%*2
漂泊者-女-导电,共鸣技能,雷引,damage,普攻·克敌伤害,56.12%+84.17%
漂泊者-女-导电,共鸣回路,天机万象,damage,超负荷伤害,80.72%*7+423.77%+423.77%
漂泊者-女-导电,共鸣回路,天机万象,damage,千声翻涌·衍射第一段伤害,99.12%
漂泊者-女-导电,共鸣回路,天机万象,damage,千声翻涌·衍射第二段伤害,49.06%+49.06%+65.41%
漂泊者-女-导电,共鸣回路,天机万象,damage,千声翻涌·衍射第三段伤害,102.06%+153.08%
漂泊者-女-导电,共鸣回路,天机万象,damage,千声翻涌·湮灭第一段伤害,14.98%*3+104.82%
漂泊者-女-导电,共鸣回路,天机万象,damage,千声翻涌·湮灭第二段伤害,13.83%*4+82.98%
漂泊者-女-导电,共鸣回路,天机万象,damage,千声翻涌·湮灭第三段伤害,62.51%+62.51%+20.84%+20.84%+20.84%+20.84%
漂泊者-女-导电,共鸣回路,天机万象,damage,千声翻涌·剑止万律伤害,47.07%*5+235.33%
漂泊者-女-导电,共鸣回路,天机万象,damage,千声翻涌·气动伤害,158.09%
漂泊者-女-导电,共鸣回路,天机万象,damage,千声翻涌·湮灭空中攻击第一段伤害,50.63%
漂泊者-女-导电,共鸣回路,天机万象,damage,千声翻涌·湮灭空中攻击第二段伤害,63.82%
漂泊者-女-导电,共鸣回路,天机万象,damage,千声翻涌·湮灭空中攻击第三段伤害,91.51%+91.51%+94.28%
漂泊者-女-导电,共鸣回路,天机万象,damage,千声翻涌·气动空中攻击第一段伤害,84.61%
漂泊者-女-导电,共鸣回路,天机万象,damage,千声翻涌·气动空中攻击第二段伤害,97.41%
漂泊者-女-导电,共鸣回路,天机万象,damage,千声翻涌·气动下落攻击伤害,282.48%
漂泊者-女-导电,共鸣回路,天机万象,damage,雷陨伤害,39.77%
漂泊者-女-导电,共鸣解放,最终战略,damage,技能伤害,1192.86%
漂泊者-女-导电,变奏技能,不啻惊雷,damage,技能伤害,33.41%*2+100.21%
漂泊者-男-导电,常态攻击,止戈,damage,普攻第一段伤害,51.08%
漂泊者-男-导电,常态攻击,止戈,damage,普攻第二段伤害,26.00%+39.00%
漂泊者-男-导电,常态攻击,止戈,damage,普攻第三段伤害,13.27%*7
漂泊者-男-导电,常态攻击,止戈,damage,普攻第四段伤害,72.82%+109.22%
漂泊者-男-导电,常态攻击,止戈,damage,普攻·逆转一击伤害,55.95%
漂泊者-男-导电,常态攻击,止戈,damage,普攻·逆转一击·崩解伤害,59.43%
漂泊者-男-导电,常态攻击,止戈,damage,空中攻击·湮灭第一段伤害,32.43%
漂泊者-男-导电,常态攻击,止戈,damage,空中攻击·湮灭第二段伤害,37.16%
漂泊者-男-导电,常态攻击,止戈,damage,空中攻击·湮灭第三段伤害,37.54%+37.54%+38.68%
漂泊者-男-导电,常态攻击,止戈,damage,空中攻击伤害,104.94%
漂泊者-男-导电,常态攻击,止戈,damage,闪避反击伤害,74.25%+74.25%
漂泊者-男-导电,常态攻击,止戈,damage,空中闪避反击伤害,188.44%
漂泊者-男-导电,共鸣技能,雷引,damage,技能伤害,100.20%*2
漂泊者-男-导电,共鸣技能,雷引,damage,普攻·克敌伤害,56.12%+84.17%
漂泊者-男-导电,共鸣回路,天机万象,damage,超负荷伤害,80.72%*7+423.77%+423.77%
漂泊者-男-导电,共鸣回路,天机万象,damage,千声翻涌·衍射第一段伤害,99.12%
漂泊者-男-导电,共鸣回路,天机万象,damage,千声翻涌·衍射第二段伤害,49.06%+49.06%+65.41%
漂泊者-男-导电,共鸣回路,天机万象,damage,千声翻涌·衍射第三段伤害,102.06%+153.08%
漂泊者-男-导电,共鸣回路,天机万象,damage,千声翻涌·湮灭第一段伤害,14.98%*3+104.82%
漂泊者-男-导电,共鸣回路,天机万象,damage,千声翻涌·湮灭第二段伤害,13.83%*4+82.98%
漂泊者-男-导电,共鸣回路,天机万象,damage,千声翻涌·湮灭第三段伤害,62.51%+62.51%+20.84%+20.84%+20.84%+20.84%
漂泊者-男-导电,共鸣回路,天机万象,damage,千声翻涌·剑止万律伤害,47.07%*5+235.33%
漂泊者-男-导电,共鸣回路,天机万象,damage,千声翻涌·气动伤害,158.09%
漂泊者-男-导电,共鸣回路,天机万象,damage,千声翻涌·湮灭空中攻击第一段伤害,50.63%
漂泊者-男-导电,共鸣回路,天机万象,damage,千声翻涌·湮灭空中攻击第二段伤害,63.82%
漂泊者-男-导电,共鸣回路,天机万象,damage,千声翻涌·湮灭空中攻击第三段伤害,91.51%+91.51%+94.28%
漂泊者-男-导电,共鸣回路,天机万象,damage,千声翻涌·气动空中攻击第一段伤害,84.61%
漂泊者-男-导电,共鸣回路,天机万象,damage,千声翻涌·气动空中攻击第二段伤害,97.41%
漂泊者-男-导电,共鸣回路,天机万象,damage,千声翻涌·气动下落攻击伤害,282.48%
漂泊者-男-导电,共鸣回路,天机万象,damage,雷陨伤害,39.77%
漂泊者-男-导电,共鸣解放,最终战略,damage,技能伤害,1192.86%
漂泊者-男-导电,变奏技能,不啻惊雷,damage,技能伤害,33.41%*2+100.21%
陆·赫斯,常态攻击,光犹如此,damage,普攻第一段伤害,40.56%+40.56%
陆·赫斯,常态攻击,光犹如此,damage,普攻第二段伤害,60.16%+90.24%
陆·赫斯,常态攻击,光犹如此,damage,普攻第三段伤害,5.02%*30
陆·赫斯,常态攻击,光犹如此,damage,普攻第四段伤害,96.33%
陆·赫斯,常态攻击,光犹如此,damage,重击伤害,91.26%
陆·赫斯,常态攻击,光犹如此,damage,空中攻击第一段伤害,57.46%
陆·赫斯,常态攻击,光犹如此,damage,空中攻击第二段·镰刀·剖解伤害,28.23%+28.23%+37.63%
陆·赫斯,常态攻击,光犹如此,damage,空中攻击第三段·镰刀·剖解伤害,42.93%+42.93%+57.24%
陆·赫斯,常态攻击,光犹如此,damage,空中攻击第二段·镰刀·裁断伤害,50.42%+50.42%
陆·赫斯,常态攻击,光犹如此,damage,空中攻击第三段·镰刀·裁断伤害,74.92%+74.92%
陆·赫斯,常态攻击,光犹如此,damage,空中攻击第四段伤害,104.78%
陆·赫斯,常态攻击,光犹如此,damage,地面闪避反击伤害,125.90%+125.90%
陆·赫斯,常态攻击,光犹如此,damage,空中闪避反击伤害,256.87%
陆·赫斯,共鸣技能,所有陨落在此重逢,damage,流金回潮伤害,201.20%
陆·赫斯,共鸣技能,所有陨落在此重逢,damage,斩杀日冕·环伤害,26.56%*5+88.53%
陆·赫斯,共鸣技能,所有陨落在此重逢,damage,斩杀日冕·破伤害,95.91%*3
陆·赫斯,共鸣技能,所有陨落在此重逢,damage,斩杀日冕·曜伤害,354.11%
陆·赫斯,共鸣技能,所有陨落在此重逢,damage,普攻·流金贯行伤害,155.47%
陆·赫斯,共鸣技能,所有陨落在此重逢,damage,日髓阵列伤害,153.45%
陆·赫斯,共鸣回路,自霜中诞生的火光,damage,判决大地裂响伤害,306.90%
陆·赫斯,共鸣回路,自霜中诞生的火光,damage,日髓碎刃伤害（每0.15秒）,10
陆·赫斯,共鸣解放,于永冻中释义,damage,技能伤害,745.54%+49.71%*5
陆·赫斯,变奏技能,注入黎明以前,damage,技能伤害,72.67%*3
琳奈,常态攻击,泛彩流光,damage,普攻第一段伤害,86.19%
琳奈,常态攻击,泛彩流光,damage,普攻第二段伤害,52.39%+52.39%+52.39%
琳奈,常态攻击,泛彩流光,damage,普攻第三段伤害,123.37%
琳奈,常态攻击,泛彩流光,damage,闪避反击伤害,239.97%
琳奈,常态攻击,泛彩流光,damage,空中攻击伤害,14.37%+129.28%
琳奈,常态攻击,泛彩流光,damage,普攻·灵感碰撞·1级伤害,55.56%*2
琳奈,常态攻击,泛彩流光,damage,普攻·灵感碰撞·2级伤害,166.67%*2
琳奈,常态攻击,泛彩流光,damage,普攻·灵感碰撞·3级伤害,277.78%*2
琳奈,常态攻击,泛彩流光,damage,绮彩巡游·普攻第一段伤害,82.81%
琳奈,常态攻击,泛彩流光,damage,绮彩巡游·普攻第二段伤害,38.87%*2
琳奈,常态攻击,泛彩流光,damage,绮彩巡游·普攻第三段伤害,37.75%*3
琳奈,常态攻击,泛彩流光,damage,绮彩巡游·普攻第四段伤害,29.75%*2+44.62%+44.62%
琳奈,常态攻击,泛彩流光,damage,绮彩巡游·普攻第五段伤害,75.54%+15.11%*5+100.72%
琳奈,常态攻击,泛彩流光,damage,绮彩巡游·地面重击伤害,17.63%*7
琳奈,常态攻击,泛彩流光,damage,绮彩巡游·跃动集束伤害,104.78%
琳奈,常态攻击,泛彩流光,damage,绮彩巡游·空中攻击伤害,14.37%+129.28%
琳奈,常态攻击,泛彩流光,damage,绮彩巡游·空中重击伤害,34.77%*7
琳奈,共鸣技能,琳奈式创想,damage,琳奈式创想伤害,139.31%+46.44%*3
琳奈,共鸣技能,琳奈式创想,damage,加色混合伤害,116.31%*2
琳奈,共鸣回路,色光混合律,damage,普攻·虹彩飞溅伤害,304.18%
琳奈,共鸣回路,色光混合律,damage,普攻·视觉冲击伤害,1216.72%
琳奈,共鸣回路,色光混合律,damage,震谐响应·光谱解析伤害,1880.75%
琳奈,共鸣解放,爆炸喷涂,damage,爆炸喷涂伤害,87.48%*10
琳奈,共鸣解放,爆炸喷涂,damage,普攻·向着多彩的明天！伤害,8.38%*12+10.05%*10
琳奈,变奏技能,来点儿颜色瞧瞧！,damage,来点儿颜色瞧瞧！伤害,22.48%*10
洛瑟菈,常态攻击,抓拍,damage,普攻第一段伤害,59.29%
洛瑟菈,常态攻击,抓拍,damage,普攻第二段伤害,26.89%+40.34%
洛瑟菈,常态攻击,抓拍,damage,普攻第三段·乏善可陈伤害,159.55%
洛瑟菈,常态攻击,抓拍,damage,普攻第三段·可圈可点伤害,235.27%
洛瑟菈,常态攻击,抓拍,damage,空中攻击伤害,86.29%
洛瑟菈,常态攻击,抓拍,damage,闪避反击伤害,67.83%+82.90%
洛瑟菈,共鸣技能,幻象定帧,damage,幻象定帧伤害,13.26%*3
洛瑟菈,共鸣技能,幻象定帧,damage,补光伤害,249.07%
洛瑟菈,共鸣技能,幻象定帧,damage,追光伤害,82.35%+82.35%+274.48%+109.80%
洛瑟菈,共鸣回路,记忆宫殿,damage,遗忘伤害,285.48%
洛瑟菈,共鸣解放,历历在目,damage,历历在目伤害,142.74%
洛瑟菈,共鸣解放,历历在目,damage,普攻·溯念留形第一段伤害,30.64%+45.95%
洛瑟菈,共鸣解放,历历在目,damage,普攻·溯念留形第二段伤害,59.77%+89.65%
洛瑟菈,共鸣解放,历历在目,damage,普攻·溯念留形第三段伤害,52.12%*8
洛瑟菈,共鸣解放,历历在目,damage,断舍离伤害,84.81%*3+593.64%
洛瑟菈,共鸣解放,历历在目,damage,空中攻击·追忆伤害,110.94%
洛瑟菈,共鸣解放,历历在目,damage,闪避反击·追忆伤害,115.55%+141.22%
洛瑟菈,变奏技能,剪辑,damage,剪辑伤害,97.42%
洛瑟菈,变奏技能,剪辑,damage,剪辑·硬切伤害,149.41%
露西,常态攻击,靶定线程,damage,普攻第一段伤害,12.15%*6+48.59%
露西,常态攻击,靶定线程,damage,普攻第二段伤害,20.66%+20.05%*2
露西,常态攻击,靶定线程,damage,普攻第三段伤害,36.06%+36.06%+48.08%
露西,常态攻击,靶定线程,damage,普攻第四段伤害,31.02%+15.51%*3+38.77%+38.77%
露西,常态攻击,靶定线程,damage,重击第一段伤害,22.10%+22.10%+29.47%
露西,常态攻击,靶定线程,damage,重击第二段伤害,56.86%*2+18.96%*3+56.86%+56.86%
露西,常态攻击,靶定线程,damage,空中攻击伤害,58.16%+58.16%
露西,常态攻击,靶定线程,damage,闪避反击伤害,59.32%+79.09%+59.32%
露西,常态攻击,靶定线程,damage,空中攻击·算法压缩伤害,62.63%+62.63%
露西,常态攻击,靶定线程,damage,闪避反击·算法压缩伤害,38.97%+38.97%+38.97%+38.97%+38.97%
露西,常态攻击,靶定线程,damage,普攻·线程撕裂第一段伤害,19.49%+19.49%+19.49%+19.49%
露西,常态攻击,靶定线程,damage,普攻·线程撕裂第二段伤害,22.27%+22.27%+22.27%+22.27%+22.27%
露西,常态攻击,靶定线程,damage,普攻·线程撕裂第三段伤害,28.12%+28.12%+28.12%+28.12%+28.12%
露西,常态攻击,靶定线程,damage,普攻·线程撕裂第四段伤害,25.06%+25.06%+25.06%+25.06%+25.06%
露西,常态攻击,靶定线程,damage,重击·单线程伤害,23.39%+23.39%+23.39%+23.39%+23.39%
露西,常态攻击,靶定线程,damage,重击·双线程伤害,33.41%+33.41%+33.41%+33.41%+33.41%
露西,常态攻击,靶定线程,damage,重击·多线程伤害,59.65%+59.65%*3
露西,共鸣技能,协议突破,damage,共鸣技能·有效载荷突进攻击伤害,20.05%+10.03%
露西,共鸣技能,协议突破,damage,共鸣技能·有效载荷追加攻击伤害,40.09%+10.03%+20.05%
露西,共鸣技能,协议突破,damage,共鸣技能·脉冲干扰伤害,30.86%*2+61.72%*3+61.72%
露西,共鸣技能,协议突破,damage,共鸣技能·死锁伤害,51.70%+206.77%
露西,共鸣回路,黑墙深度,damage,骇破响应·数据崩解伤害,1094.19%+68.39%*4偏谐系数
露西,共鸣解放,网络行者,damage,共鸣解放·网络行者·覆写篡改伤害,894.65%
露西,共鸣解放,网络行者,damage,欺骗程式·集群入侵伤害,79.53%
露西,共鸣解放,网络行者,damage,欺骗程式·突触熔融伤害,79.53%
露西,共鸣解放,网络行者,damage,欺骗程式·运动失能伤害,911.83%偏谐系数
露西,共鸣解放,网络行者,damage,共鸣解放·暗网深潜·覆写篡改伤害,1789.29%
露西,变奏技能,过时幻觉,damage,变奏技能·过时幻觉伤害,69.14%+69.14%
丽贝卡,常态攻击,混搭战术,damage,普攻·猎手第一段伤害,36.76%+36.76%
丽贝卡,常态攻击,混搭战术,damage,普攻·猎手第二段伤害,19.13%*4+19.13%
丽贝卡,常态攻击,混搭战术,damage,普攻·猎手第三段伤害,109.85%
丽贝卡,常态攻击,混搭战术,damage,重击·猎手伤害,16.90%+16.90%
丽贝卡,常态攻击,混搭战术,damage,重击·吃枪子吧！·猎手伤害,60.84%+60.84%
丽贝卡,常态攻击,混搭战术,damage,空中攻击·猎手伤害,136.04%
丽贝卡,常态攻击,混搭战术,damage,闪避反击·猎手伤害,211.24%
丽贝卡,常态攻击,混搭战术,damage,战术闪避·猎手伤害,16.90%*4+16.90%
丽贝卡,常态攻击,混搭战术,damage,战术闪避·猎手闪避成功伤害,148.71%
丽贝卡,常态攻击,混搭战术,damage,普攻·铁胆第一段伤害,61.69%+61.69%
丽贝卡,常态攻击,混搭战术,damage,普攻·铁胆第二段伤害,84.50%
丽贝卡,常态攻击,混搭战术,damage,普攻·铁胆第三段伤害,33.77%+33.77%+157.57%
丽贝卡,常态攻击,混搭战术,damage,重击·铁胆伤害,202.79%
丽贝卡,常态攻击,混搭战术,damage,空中攻击·铁胆伤害,104.78%
丽贝卡,常态攻击,混搭战术,damage,闪避反击·铁胆伤害,258.56%
丽贝卡,常态攻击,混搭战术,damage,战术闪避·铁胆伤害,101.40%
丽贝卡,常态攻击,混搭战术,damage,战术闪避·铁胆闪避成功伤害,148.71%
丽贝卡,共鸣技能,战术性调整,damage,共鸣技能·来发大的！伤害,23.66%+23.66%+23.66%+23.66%+35.49%+35.49%+35.49%+35.49%
丽贝卡,共鸣技能,战术性调整,damage,共鸣技能·有本事来抓我！伤害,23.66%+4.74%+23.66%+23.66%+137.22%+11.83%+11.83%
丽贝卡,共鸣回路,我要认真了！,damage,骇破响应·熔触伤害,2358.89%偏谐系数
丽贝卡,共鸣回路,我要认真了！,damage,哒哒哒！·猎手伤害,19.89%+19.89%+19.89%+318.10%+19.89%
丽贝卡,共鸣回路,我要认真了！,damage,砰砰砰！·铁胆伤害,278.34%
丽贝卡,共鸣解放,狂欢时间！,damage,【31型重机枪】伤害,24.30%
丽贝卡,共鸣解放,狂欢时间！,damage,【31型重机枪】威力提升1次伤害,48.60%
丽贝卡,共鸣解放,狂欢时间！,damage,【31型重机枪】威力提升2次伤害,72.90%
丽贝卡,共鸣解放,狂欢时间！,damage,大烟花！伤害,63.62%+572.58%
丽贝卡,变奏技能,到我了！,damage,呜呼，来发大的！伤害,27.04%+27.04%+27.04%+27.04%+27.04%+27.04%+40.56%+67.60%
丽贝卡,变奏技能,到我了！,damage,蠢货，有本事来抓我！伤害,10.14%+30.42%+40.56%+40.56%+40.56%+40.56%
达妮娅,常态攻击,织梦的飨宴,damage,普攻·布景之形第一段伤害,32.69%
达妮娅,常态攻击,织梦的飨宴,damage,普攻·布景之形第二段伤害,30.18%*2
达妮娅,常态攻击,织梦的飨宴,damage,普攻·布景之形第三段伤害,25.49%*3
达妮娅,常态攻击,织梦的飨宴,damage,普攻·布景之形第四段伤害,128.00%
达妮娅,常态攻击,织梦的飨宴,damage,重击·布景之形伤害,80.76%*2
达妮娅,常态攻击,织梦的飨宴,damage,空中攻击·布景之形伤害,29.59%+44.38%
达妮娅,常态攻击,织梦的飨宴,damage,闪避反击·布景之形伤害,49.35%*3
达妮娅,常态攻击,织梦的飨宴,damage,普攻·幻灭之形第一段伤害,36.51%
达妮娅,常态攻击,织梦的飨宴,damage,普攻·幻灭之形第二段伤害,37.51%+14.07%*4
达妮娅,常态攻击,织梦的飨宴,damage,普攻·幻灭之形第三段伤害,62.39%
达妮娅,常态攻击,织梦的飨宴,damage,普攻·幻灭之形第四段伤害,35.54%+82.92%
达妮娅,常态攻击,织梦的飨宴,damage,重击·幻灭之形伤害,137.06%
达妮娅,常态攻击,织梦的飨宴,damage,空中攻击·幻灭之形第一段伤害,36.51%
达妮娅,常态攻击,织梦的飨宴,damage,空中攻击·幻灭之形第二段伤害,37.51%+14.07%*4
达妮娅,常态攻击,织梦的飨宴,damage,空中攻击·幻灭之形第三段伤害,62.39%
达妮娅,常态攻击,织梦的飨宴,damage,空中攻击·幻灭之形第四段伤害,35.54%+82.92%
达妮娅,常态攻击,织梦的飨宴,damage,空中重击·幻灭之形伤害,29.59%+44.38%
达妮娅,常态攻击,织梦的飨宴,damage,闪避反击·幻灭之形伤害,108.08%
达妮娅,共鸣技能,泡沫蜜饵,damage,拟态泡泡·布景之形伤害,17.42%*3+52.25%
达妮娅,共鸣技能,泡沫蜜饵,damage,轻唤·幻灭之形伤害,31.10%+14.52%*5
达妮娅,共鸣技能,泡沫蜜饵,damage,放逐·幻灭之形第一段伤害,34.68%*3
达妮娅,共鸣技能,泡沫蜜饵,damage,放逐·幻灭之形第二段伤害,112.01%
达妮娅,共鸣回路,“天衣无缝”,damage,蚀域每次伤害,136.33%
达妮娅,共鸣解放,帷幕终景,damage,帷幕终景·布景之形伤害,397.62%
达妮娅,共鸣解放,帷幕终景,damage,帷幕终景·幻灭之形伤害,198.81%*4
达妮娅,变奏技能,谨此致访,damage,久疏问候！伤害,104.62%
达妮娅,变奏技能,谨此致访,damage,轻叩门扉伤害,51.74%*3
绯雪,常态攻击,灼樱刀术,damage,普攻·常世身第一段伤害,37.72%+37.72%
绯雪,常态攻击,灼樱刀术,damage,普攻·常世身第二段伤害,90.25%
绯雪,常态攻击,灼樱刀术,damage,普攻·常世身第三段伤害,4.92%*5+98.37%
绯雪,常态攻击,灼樱刀术,damage,重击·寒簇·常世身伤害,79.31%*2+158.61%
绯雪,常态攻击,灼樱刀术,damage,空中攻击·常世身伤害,128.18%
绯雪,常态攻击,灼樱刀术,damage,闪避反击·常世身伤害,173.75%
绯雪,常态攻击,灼樱刀术,damage,普攻·预求身第一段伤害,49.27%
绯雪,常态攻击,灼樱刀术,damage,普攻·预求身第二段伤害,40.02%+40.02%
绯雪,常态攻击,灼樱刀术,damage,普攻·预求身第三段伤害,25.16%*4+67.08%
绯雪,常态攻击,灼樱刀术,damage,普攻·预求身第四段伤害,29.93%+29.93%+29.93%+29.93%+29.93%
绯雪,常态攻击,灼樱刀术,damage,普攻·预求身第五段伤害,12.17%+109.47%
绯雪,常态攻击,灼樱刀术,damage,重击·预求身伤害,107.16%
绯雪,常态攻击,灼樱刀术,damage,重击·枯霜·预求身伤害,15.41%*8+493.05%
绯雪,常态攻击,灼樱刀术,damage,空中攻击·预求身第一段伤害,28.83%+28.83%+38.43%
绯雪,常态攻击,灼樱刀术,damage,空中攻击·预求身第二段伤害,26.09%+26.09%+26.09%+26.09%
绯雪,常态攻击,灼樱刀术,damage,空中下落攻击·预求身伤害,111.60%
绯雪,常态攻击,灼樱刀术,damage,闪避反击·预求身伤害,81.77%+81.77%
绯雪,共鸣技能,霜罚,damage,共鸣技能·常世身伤害,24.50%*4+97.98%
绯雪,共鸣技能,霜罚,damage,霜罚·白玉切伤害,66.01%*4
绯雪,共鸣技能,霜罚,damage,霜罚·落华伤害,64.02%*4+64.02%
绯雪,共鸣回路,万世霜天,damage,普攻·居合伤害,283.82%+47.31%*4
绯雪,共鸣解放,预求我身,damage,预求我身·见心伤害,397.62%
绯雪,共鸣解放,预求我身,damage,预求我身·归刃基础伤害,198.81%+795.24%
绯雪,共鸣解放,预求我身,damage,每点【锻雪·归刃】共增加预求我身·归刃伤害,795.24%
绯雪,变奏技能,霜锋,damage,技能伤害,156.15%
西格莉卡,常态攻击,一、二、三……,damage,普攻第一段伤害,52.97%
西格莉卡,常态攻击,一、二、三……,damage,普攻第二段伤害,50.34%+50.34%
西格莉卡,常态攻击,一、二、三……,damage,普攻第三段伤害,33.41%+33.41%+44.54%
西格莉卡,常态攻击,一、二、三……,damage,普攻第四段伤害,41.36%+51.70%+51.70%+62.03%
西格莉卡,常态攻击,一、二、三……,damage,普攻·明悟伤害,61.56%*3+123.11%
西格莉卡,常态攻击,一、二、三……,damage,重击伤害,58.14%*2
西格莉卡,常态攻击,一、二、三……,damage,空中攻击伤害,104.78%
西格莉卡,常态攻击,一、二、三……,damage,闪避反击伤害,65.91%+65.91%+87.88%
西格莉卡,常态攻击,一、二、三……,damage,空中闪避反击伤害,206.17%
西格莉卡,常态攻击,一、二、三……,damage,闪避反击·解读伤害,61.56%*3+123.11%
西格莉卡,共鸣技能,罗伊近身格斗技,damage,嘭嘭！伤害,28.63%+28.63%+28.63%+57.26%
西格莉卡,共鸣技能,罗伊近身格斗技,damage,大嘭嘭！伤害,28.81%*4+172.85%
西格莉卡,共鸣技能,罗伊近身格斗技,damage,日灵帮帮忙伤害,27.83%*3+194.77%
西格莉卡,共鸣回路,在那浩瀚中,damage,重击·符语本源伤害,132.51%
西格莉卡,共鸣回路,在那浩瀚中,damage,符语爆破伤害,117.67%+205.92%+264.75%
西格莉卡,共鸣回路,在那浩瀚中,damage,符语链刃伤害,49.70%*4+66.26%*3
西格莉卡,共鸣回路,在那浩瀚中,damage,符语日灵伤害,39.76%+59.63%*4+119.26%
西格莉卡,共鸣回路,在那浩瀚中,damage,共鸣回路·我即语义伤害,302.87%+908.61%
西格莉卡,共鸣解放,如那期望般！,damage,技能伤害,861.43%
西格莉卡,变奏技能,昭日的语源,damage,技能伤害,163.42%
爱弥斯,常态攻击,校准无垠,damage,普攻·爱弥斯第一段伤害,46.35%
爱弥斯,常态攻击,校准无垠,damage,普攻·爱弥斯第二段伤害,13.89%+20.84%+34.73%
爱弥斯,常态攻击,校准无垠,damage,普攻·爱弥斯第三段伤害,9.32%*3+18.63%+46.56%
爱弥斯,常态攻击,校准无垠,damage,普攻·爱弥斯第四段伤害,6.73%*5+100.94%
爱弥斯,常态攻击,校准无垠,damage,重击·爱弥斯·一段蓄力伤害,18.57%+74.26%
爱弥斯,常态攻击,校准无垠,damage,重击·爱弥斯·二段蓄力伤害,11.60%*4+185.60%
爱弥斯,常态攻击,校准无垠,damage,空中攻击·爱弥斯伤害,86.29%
爱弥斯,常态攻击,校准无垠,damage,闪避反击·爱弥斯伤害,26.02%*3+52.03%+130.06%
爱弥斯,共鸣技能,共赴长航,damage,合击·突刺·兵装融合伤害,26.92%+40.38%+67.29%
爱弥斯,共鸣技能,共赴长航,damage,合击·突刺·启明之音伤害,16.33%*3+114.28%
爱弥斯,共鸣技能,共赴长航,damage,普攻·机兵第一段伤害,23.20%*3
爱弥斯,共鸣技能,共赴长航,damage,普攻·机兵第二段伤害,18.57%+74.26%
爱弥斯,共鸣技能,共赴长航,damage,普攻·机兵第三段伤害,3.89%*6+81.54%+11.65%
爱弥斯,共鸣技能,共赴长航,damage,普攻·机兵第四段伤害,40.38%+94.21%
爱弥斯,共鸣技能,共赴长航,damage,重击·机兵·一段蓄力伤害,92.83%
爱弥斯,共鸣技能,共赴长航,damage,重击·机兵·二段蓄力伤害,232.00%
爱弥斯,共鸣技能,共赴长航,damage,空中攻击·机兵伤害,73.35%+4.32%*3
爱弥斯,共鸣技能,共赴长航,damage,闪避反击·机兵伤害,9.45%*6+198.44%+28.35%
爱弥斯,共鸣回路,为寂静赋形,damage,光翼共奏·登台伤害,17.90%*4+35.79%*3+178.93%
爱弥斯,共鸣回路,为寂静赋形,damage,光翼共奏·降临伤害,17.90%+14.92%*6+23.86%*3+59.65%*3
爱弥斯,共鸣回路,为寂静赋形,damage,震谐响应·星爆伤害,596.43%
爱弥斯,共鸣回路,为寂静赋形,damage,光翼共奏追加伤害（每次）,109.35%
爱弥斯,共鸣解放,飞至启明之时,damage,星辉破界而来·过载伤害,200.80%+267.74%*3
爱弥斯,共鸣解放,飞至启明之时,damage,星辉破界而来·终结伤害,1789.29%
爱弥斯,变奏技能,航程伊始的预兆,damage,以旋律穿越长空伤害,13.46%*2+107.66%
爱弥斯,变奏技能,航程伊始的预兆,damage,携星辉降临于此伤害,65.30%+97.95%
莫宁,常态攻击,基态校准,damage,普攻第一段伤害,22.27%+16.71%*2
莫宁,常态攻击,基态校准,damage,普攻第二段伤害,23.86%+23.86%+17.90%*4
莫宁,常态攻击,基态校准,damage,普攻第三段伤害,41.36%+10.34%*6
莫宁,常态攻击,基态校准,damage,普攻第四段伤害,135.20%
莫宁,常态攻击,基态校准,damage,普攻·广域观测模式第一段伤害,13.92%*4
莫宁,常态攻击,基态校准,damage,普攻·广域观测模式第二段伤害,25.85%*4
莫宁,常态攻击,基态校准,damage,普攻·广域观测模式第三段伤害,9.31%*4+33.09%*2
莫宁,常态攻击,基态校准,damage,重击伤害,11.10%+11.10%+14.80%
莫宁,常态攻击,基态校准,damage,空中攻击伤害,98.61%
莫宁,常态攻击,基态校准,damage,闪避反击伤害,162.23%
莫宁,常态攻击,基态校准,damage,闪避反击·广域观测模式伤害,25.85%*4
莫宁,共鸣技能,解算,damage,最优求解伤害,179.73%
莫宁,共鸣技能,解算,damage,分布式阵列伤害,39.77%*4
莫宁,共鸣回路,质能等价,damage,谐振场伤害,39.77%*5
莫宁,共鸣回路,质能等价,damage,重击·位势转换伤害,44.14%+99.02%
莫宁,共鸣回路,质能等价,damage,重击·反演伤害,258.46%
莫宁,共鸣回路,质能等价,damage,震谐响应·粒子射流伤害,298.22%
莫宁,共鸣解放,临界协议,damage,技能伤害,522.33%
莫宁,变奏技能,归敛,damage,技能伤害,202.79%
千咲,常态攻击,俱寂,damage,第一段伤害,16.71%*2
千咲,常态攻击,俱寂,damage,第二段伤害,9.55%+19.09%+66.81%
千咲,常态攻击,俱寂,damage,断命之铗伤害,29.81%+14.91%+104.34%
千咲,常态攻击,俱寂,damage,断命之铗额外伤害,47.78%
千咲,常态攻击,俱寂,damage,撤弦伤害,10.15%*2+47.35%
千咲,常态攻击,俱寂,damage,纷裂贯穿伤害,15.11%*4+90.66%
千咲,常态攻击,俱寂,damage,重击伤害,35.79%*2
千咲,常态攻击,俱寂,damage,空中攻击伤害,73.96%
千咲,常态攻击,俱寂,damage,碎响切面伤害,44.74%*2
千咲,常态攻击,俱寂,damage,垂落终焉伤害,11.93%+23.86%*2+59.65%
千咲,常态攻击,俱寂,damage,闪避反击伤害,23.86%+47.72%+167.01%
千咲,常态攻击,俱寂,damage,解弦之眼·收弦伤害,178.93%
千咲,共鸣技能,碎面构图,damage,解弦之眼伤害,35.79%
千咲,共鸣技能,碎面构图,damage,齿轨轮回伤害,17.45%*8
千咲,共鸣技能,碎面构图,damage,齿轨轮回长按伤害,7.46%*16
千咲,共鸣回路,解弦视界·万理归尘,damage,锯环·疾攻第一段伤害,11.49%*6
千咲,共鸣回路,解弦视界·万理归尘,damage,锯环·疾攻第二段伤害,10.64%*8
千咲,共鸣回路,解弦视界·万理归尘,damage,锯环·疾攻第三段伤害,15.98%*8
千咲,共鸣回路,解弦视界·万理归尘,damage,锯环·终结伤害,51.54%+206.13%
千咲,共鸣回路,解弦视界·万理归尘,damage,锯环·疾攻第二段长按伤害,10.64%*10
千咲,共鸣回路,解弦视界·万理归尘,damage,锯环·疾攻第二段·折鸣伤害,3.58%*3
千咲,共鸣回路,解弦视界·万理归尘,damage,锯环·疾攻第三段长按伤害,15.98%*6
千咲,共鸣回路,解弦视界·万理归尘,damage,锯环·疾攻第三段·坠响伤害,3.58%*3
千咲,共鸣回路,解弦视界·万理归尘,damage,电锯模式·闪避反击伤害,10.64%*8
千咲,共鸣回路,解弦视界·万理归尘,damage,电锯模式·闪避反击长按伤害,10.64%*10
千咲,共鸣解放,即刻·归无,damage,技能伤害,954.29%
千咲,变奏技能,鸣响·再临,damage,技能伤害,95.43%
仇远,常态攻击,质黑相青,damage,第一段伤害,41.76%
仇远,常态攻击,质黑相青,damage,第二段伤害,34.80%+34.80%
仇远,常态攻击,质黑相青,damage,第三段伤害,24.64%+24.64%+24.64%+24.64%+65.69%
仇远,常态攻击,质黑相青,damage,空中攻击伤害,116.91%
仇远,常态攻击,质黑相青,damage,重击伤害,165.61%
仇远,常态攻击,质黑相青,damage,闪避反击伤害,194.84%+27.84%*3
仇远,共鸣技能,穿林打叶,damage,技能伤害,71.84%*3
仇远,共鸣技能,穿林打叶,damage,不辞远伤害,32.33%+32.33%*3+86.21%
仇远,共鸣回路,裁竹为锋,damage,答剑·质黑相青第一段伤害,59.65%+59.65%
仇远,共鸣回路,裁竹为锋,damage,答剑·质黑相青第二段伤害,55.65%+55.65%+74.20%
仇远,共鸣回路,裁竹为锋,damage,答剑·质黑相青第三段伤害,14.58%+14.58%*4+72.87%
仇远,共鸣回路,裁竹为锋,damage,答剑·质黑相青第四段伤害,172.37%
仇远,共鸣回路,裁竹为锋,damage,答剑·弦歌不缀伤害,91.44%+91.44%+91.44%+91.44%+91.44%
仇远,共鸣回路,裁竹为锋,damage,答剑·割股之心伤害,38.44%*3+31.45%+31.45%+31.45%
仇远,共鸣回路,裁竹为锋,damage,答剑·忠烈死节伤害,217.70%
仇远,共鸣解放,万钧一断,damage,技能伤害,795.24%
仇远,变奏技能,攻其必救,damage,技能伤害,9.55%*5+47.72%+143.15%
嘉贝莉娜,常态攻击,猎魔扳机,damage,普攻第一段伤害,59.18%
嘉贝莉娜,常态攻击,猎魔扳机,damage,普攻第二段伤害,26.31%+26.31%+78.91%
嘉贝莉娜,常态攻击,猎魔扳机,damage,普攻第三段伤害,28.60%+28.60%+42.89%+42.89%
嘉贝莉娜,常态攻击,猎魔扳机,damage,普攻第四段伤害,177.86%
嘉贝莉娜,常态攻击,猎魔扳机,damage,闪避反击·血债将偿伤害,41.05%+41.05%+61.57%+61.57%
嘉贝莉娜,常态攻击,猎魔扳机,damage,空中攻击·枪弹暴雨下落攻击伤害,143.15%
嘉贝莉娜,常态攻击,猎魔扳机,damage,空中攻击·枪弹暴雨持续扫射伤害,26.84%
嘉贝莉娜,常态攻击,猎魔扳机,damage,重击·燧发杀戮第一段伤害,53.30%+53.30%
嘉贝莉娜,常态攻击,猎魔扳机,damage,重击·燧发杀戮第二段伤害,34.59%*2
嘉贝莉娜,常态攻击,猎魔扳机,damage,重击·燧发杀戮第三段伤害,16.77%*3+117.39%
嘉贝莉娜,共鸣技能,边缘翼动,damage,共鸣技能·迫近伤害,10.74%+25.04%
嘉贝莉娜,共鸣技能,边缘翼动,damage,共鸣技能·恶翼扬升伤害,51.57%+51.57%
嘉贝莉娜,共鸣回路,超阈限,damage,地狱穿行伤害,666
嘉贝莉娜,共鸣回路,超阈限,damage,普攻·炽天猎杀第一段伤害,58.99%
嘉贝莉娜,共鸣回路,超阈限,damage,普攻·炽天猎杀第二段伤害,27.84%+27.84%+83.51%
嘉贝莉娜,共鸣回路,超阈限,damage,普攻·炽天猎杀第三段伤害,24.32%*3+170.21%
嘉贝莉娜,共鸣回路,超阈限,damage,普攻·炽天猎杀第四段伤害,18.15%*3+127.02%
嘉贝莉娜,共鸣回路,超阈限,damage,普攻·炽天猎杀第五段伤害,67.28%+156.99%
嘉贝莉娜,共鸣回路,超阈限,damage,重击·炼羽裁决第一段伤害,59.22%+59.22%
嘉贝莉娜,共鸣回路,超阈限,damage,重击·炼羽裁决第二段伤害,38.35%*2
嘉贝莉娜,共鸣回路,超阈限,damage,重击·炼羽裁决第三段伤害,17.69%*3+123.77%
嘉贝莉娜,共鸣回路,超阈限,damage,闪避反击·罪业当涤伤害,32.10%*3+224.70%
嘉贝莉娜,共鸣回路,超阈限,damage,空中攻击·火狱暴雨下落攻击伤害,159.05%
嘉贝莉娜,共鸣回路,超阈限,damage,空中攻击·火狱暴雨持续扫射伤害,29.83%
嘉贝莉娜,共鸣回路,超阈限,damage,共鸣技能·掠袭伤害,10.74%+25.04%
嘉贝莉娜,共鸣解放,炼净,damage,共鸣解放·炼净伤害,110.90%+90.74%*11
嘉贝莉娜,变奏技能,永火上膛,damage,变奏技能·永火上膛伤害,94.12%
尤诺,常态攻击,祭者独步,damage,月环·普攻第一段伤害,87.68%
尤诺,常态攻击,祭者独步,damage,月环·普攻第二段伤害,46.06%*2+47.46%
尤诺,常态攻击,祭者独步,damage,月环·普攻第三段伤害,87.98%*2+90.65%
尤诺,常态攻击,祭者独步,damage,月弓·普攻第一段伤害,126.45%
尤诺,常态攻击,祭者独步,damage,月弓·普攻第二段伤害,55.67%*3
尤诺,常态攻击,祭者独步,damage,月弓·普攻第三段伤害,167.01%*2
尤诺,常态攻击,祭者独步,damage,月弓·闪避反击伤害,103.39%*3
尤诺,共鸣技能,先觉赋格,damage,原初的律动伤害,18.65%*7+130.52%
尤诺,共鸣技能,先觉赋格,damage,告终的喧响伤害,140.73%*2+145.00%
尤诺,共鸣技能,先觉赋格,damage,未终的喧响伤害,140.73%*2+145.00%
尤诺,共鸣技能,先觉赋格,damage,越限的弦引伤害,219.79%*2
尤诺,共鸣回路,于盈亏间涨落,damage,流变·月弓伤害,250.51%
尤诺,共鸣回路,于盈亏间涨落,damage,流变·月环伤害,79.18%*4
尤诺,共鸣回路,于盈亏间涨落,damage,月弓·普攻第一段强化伤害,205.97%
尤诺,共鸣回路,于盈亏间涨落,damage,月弓·普攻第二段强化伤害,95.43%*3
尤诺,共鸣回路,于盈亏间涨落,damage,月弓·普攻第三段强化伤害,266.41%*2
尤诺,共鸣回路,于盈亏间涨落,damage,月弓·闪避反击强化伤害,156.40%*3
尤诺,共鸣回路,于盈亏间涨落,damage,越限的弦引强化伤害,319.19%*2
尤诺,共鸣回路,于盈亏间涨落,damage,至臻的完满伤害,159.05%
尤诺,共鸣解放,溺失月海,damage,技能伤害,1093.46%
尤诺,变奏技能,照我以显,damage,技能伤害,15.91%*7+47.72%
奥古斯塔,常态攻击,常态攻击: 逐狩,damage,第一段伤害,57.46%
奥古斯塔,常态攻击,常态攻击: 逐狩,damage,第二段伤害,67.00%*2
奥古斯塔,常态攻击,常态攻击: 逐狩,damage,第三段伤害,65.61%*3
奥古斯塔,常态攻击,常态攻击: 逐狩,damage,第四段伤害,64.63%*3
奥古斯塔,常态攻击,常态攻击: 逐狩,damage,重击·鸣铁伤害,46.39%*3
奥古斯塔,常态攻击,常态攻击: 逐狩,damage,空中攻击伤害,59.65%*2
奥古斯塔,常态攻击,常态攻击: 逐狩,damage,闪避反击伤害,67.00%*2
奥古斯塔,常态攻击,常态攻击: 逐狩,damage,空中闪避反击伤害,59.65%*2
奥古斯塔,常态攻击,常态攻击: 逐狩,damage,重击·烁雷·后撤伤害,53.68%
奥古斯塔,常态攻击,常态攻击: 逐狩,damage,重击·烁雷·旋切伤害,141.72%*3
奥古斯塔,常态攻击,常态攻击: 逐狩,damage,重击·烁雷·升拳伤害,178.93%*2
奥古斯塔,常态攻击,常态攻击: 逐狩,damage,闪避反击·重击·鸣铁伤害,46.39%*3
奥古斯塔,常态攻击,常态攻击: 逐狩,damage,闪避反击·烁雷·后撤伤害,53.68%
奥古斯塔,共鸣技能,共鸣技能: 斩锋,damage,技能伤害,218.70%*3
奥古斯塔,共鸣回路,共鸣回路: 曜阳如我,damage,共鸣技能·不败恒阳·迅击伤害,139.17%*2
奥古斯塔,共鸣回路,共鸣回路: 曜阳如我,damage,共鸣技能·不败恒阳·跃空伤害,222.67% + 27.84%*2
奥古斯塔,共鸣回路,共鸣回路: 曜阳如我,damage,共鸣技能·不败恒阳·落袭伤害,43.30%*2 + 779.24%
奥古斯塔,共鸣回路,共鸣回路: 曜阳如我,damage,空中闪避反击·不败恒阳·迅击伤害,139.17%*2
奥古斯塔,共鸣解放,共鸣解放：至日的征伐,damage,共鸣解放·誓锋不殒伤害,32.99%*2 + 131.94%*3 + 32.99%*2 + 571.7%
奥古斯塔,共鸣解放,共鸣解放：至日的征伐,damage,赫日威临·烈阳伤害,119.29%
奥古斯塔,共鸣解放,共鸣解放：至日的征伐,damage,赫日威临·不朽者之肃伤害,238.58%+894.65%+ 5.97%*10
奥古斯塔,变奏技能,变奏技能: 灼金的巡行,damage,技能伤害,99.41%*2
弗洛洛,常态攻击,常态攻击: 生与死的乐章,damage,第一段伤害,53.45%*2
弗洛洛,常态攻击,常态攻击: 生与死的乐章,damage,第二段伤害,95.43%
弗洛洛,常态攻击,常态攻击: 生与死的乐章,damage,第三段伤害,32.69%*6
弗洛洛,常态攻击,常态攻击: 生与死的乐章,damage,重击伤害,79.85%*2
弗洛洛,常态攻击,常态攻击: 生与死的乐章,damage,谱曲终末伤害,33.01%*2 + 12.38%*8 + 495.10%
弗洛洛,常态攻击,常态攻击: 生与死的乐章,damage,空中攻击伤害,127.24%
弗洛洛,常态攻击,常态攻击: 生与死的乐章,damage,闪避反击伤害,121.99%
弗洛洛,共鸣技能,共鸣技能: 稍纵即逝的梦呓,damage,技能伤害,105.97%*2
弗洛洛,共鸣回路,共鸣回路: 新世界狂想曲,damage,亡与死的乐章伤害,37.88%*4 + 117.83%*3
弗洛洛,共鸣回路,共鸣回路: 新世界狂想曲,damage,永不消逝的梦呓伤害,23.21%*4 + 46.41% + 324.82%
弗洛洛,共鸣解放,共鸣解放: 往日深渊的圆舞曲,damage,普攻・赫卡忒第一段伤害,27.84%
弗洛洛,共鸣解放,共鸣解放: 往日深渊的圆舞曲,damage,普攻・赫卡忒第二段伤害,13.92%*2
弗洛洛,共鸣解放,共鸣解放: 往日深渊的圆舞曲,damage,强化攻击・弦乐・赫卡忒伤害,104.38% + 243.55%
弗洛洛,共鸣解放,共鸣解放: 往日深渊的圆舞曲,damage,强化攻击・管乐・赫卡忒伤害,99.16% + 231.37%
弗洛洛,共鸣解放,共鸣解放: 往日深渊的圆舞曲,damage,强化攻击・彩乐・赫卡忒伤害,104.38% + 243.55%
弗洛洛,共鸣解放,共鸣解放: 往日深渊的圆舞曲,damage,谢幕・赫卡忒伤害,465.22%
弗洛洛,变奏技能,变奏技能: 致命组歌,damage,致命组歌伤害,80.61% + 120.91%
弗洛洛,变奏技能,变奏技能: 致命组歌,damage,永生组歌伤害,596.43%
露帕,常态攻击,常态攻击: 燃星,damage,第一段伤害,22.52% + 22.52% + 45.04%
露帕,常态攻击,常态攻击: 燃星,damage,第二段伤害,90.08%
露帕,常态攻击,常态攻击: 燃星,damage,第三段伤害,78.84% + 13.14%*6
露帕,常态攻击,常态攻击: 燃星,damage,第四段伤害,73.87% + 73.87% + 49.25%*2
露帕,常态攻击,常态攻击: 燃星,damage,重击伤害,56.36% + 56.36%
露帕,常态攻击,常态攻击: 燃星,damage,重击·狼咬伤害,56.11% + 56.11%
露帕,常态攻击,常态攻击: 燃星,damage,重击·锐爪伤害,72.15% + 18.04%*4 + 96.19%
露帕,常态攻击,常态攻击: 燃星,damage,空中攻击第一段伤害,76.73%
露帕,常态攻击,常态攻击: 燃星,damage,空中攻击第二段伤害,77.23% + 19.31%*4
露帕,常态攻击,常态攻击: 燃星,damage,空中攻击第三段伤害,28.48% + 28.48%
露帕,常态攻击,常态攻击: 燃星,damage,空中攻击·焰袭伤害,28.48% + 28.48%
露帕,常态攻击,常态攻击: 燃星,damage,空中下落攻击伤害,26.20% + 52.39% + 26.20%
露帕,常态攻击,常态攻击: 燃星,damage,普攻·星灭伤害,12.65%*4 + 118.06%
露帕,常态攻击,常态攻击: 燃星,damage,闪避反击伤害,34.18%*4 + 136.72%
露帕,共鸣技能,共鸣技能: 围猎,damage,技能伤害,140.77%
露帕,共鸣技能,共鸣技能: 围猎,damage,凶噬伤害,313.61%
露帕,共鸣回路,共鸣回路: 焰狼宣告,damage,狼舞的决意伤害,56.02% + 42.02%*4 + 336.11%
露帕,共鸣回路,共鸣回路: 焰狼宣告,damage,狼舞的决意·极伤害,75.63% + 56.72%*4 + 453.75%
露帕,共鸣回路,共鸣回路: 焰狼宣告,damage,此刻，让火焰延燃赛场伤害,42.35% + 169.40%
露帕,共鸣解放,共鸣解放: 荣光欢酣于火,damage,技能伤害,820.44%
露帕,共鸣解放,共鸣解放: 荣光欢酣于火,damage,破敌伤害,304.46%
露帕,变奏技能,变奏技能:你在看哪里？,damage,技能伤害,29.76% + 42.16%*4
露帕,变奏技能,变奏技能:你在看哪里？,damage,你无法逃离！伤害,793.57% + 49.60%*4
夏空,常态攻击,四拍的舞曲,damage,第一段伤害,57.06%
夏空,常态攻击,四拍的舞曲,damage,第二段伤害,48.91% + 24.46%*2 + 65.21%
夏空,常态攻击,四拍的舞曲,damage,第三段伤害,33.02%*4
夏空,常态攻击,四拍的舞曲,damage,第四段伤害,61.14%*4
夏空,常态攻击,四拍的舞曲,damage,重击伤害,107.60%
夏空,常态攻击,四拍的舞曲,damage,瞄准伤害,32.61%
夏空,常态攻击,四拍的舞曲,damage,瞄准完全蓄力伤害,73.37%
夏空,常态攻击,四拍的舞曲,damage,空中攻击第一段伤害,55.43%*2
夏空,常态攻击,四拍的舞曲,damage,空中攻击第二段伤害,24.46%*4
夏空,常态攻击,四拍的舞曲,damage,闪避反击伤害,57.17%*4
夏空,共鸣技能,谐律速奏,damage,技能伤害,40.39%*4
夏空,共鸣回路,风与诗乐的交响,damage,四拍重奏伤害,31.41%*10 + 314.03%
夏空,共鸣解放,歌者的三重华彩,damage,即兴的交响诗伤害,1100.42%
夏空,共鸣解放,歌者的三重华彩,damage,交响诗·主音伤害,6.12%*20
夏空,变奏技能,携风吟游,damage,技能伤害,189.11%
卡提希娅,常态攻击,常态攻击: 以剑奉读此身,damage,第一段伤害,4.78%
卡提希娅,常态攻击,常态攻击: 以剑奉读此身,damage,第二段伤害,3.94% + 3.94% + 5.25%
卡提希娅,常态攻击,常态攻击: 以剑奉读此身,damage,第三段伤害,4.28% + 4.28% + 4.28% + 4.28%
卡提希娅,常态攻击,常态攻击: 以剑奉读此身,damage,第四段伤害,2.52%*3 + 7.54%
卡提希娅,常态攻击,常态攻击: 以剑奉读此身,damage,闪避反击伤害,6.85% + 6.85% + 6.85% + 6.85%
卡提希娅,常态攻击,常态攻击: 以剑奉读此身,damage,重击伤害,2.08%*3 + 6.24%
卡提希娅,共鸣技能,共鸣技能: 此剑以人之名,damage,技能伤害,6.89%*3 + 8.86%
卡提希娅,共鸣回路,共鸣回路: 暴风雨,damage,普攻第一段伤害,6.49%
卡提希娅,共鸣回路,共鸣回路: 暴风雨,damage,普攻第二段伤害,3.63% + 1.82% + 1.82% + 1.82%
卡提希娅,共鸣回路,共鸣回路: 暴风雨,damage,普攻第三段伤害,2.13% + 2.13% + 2.13% + 4.26%
卡提希娅,共鸣回路,共鸣回路: 暴风雨,damage,普攻第四段伤害,2.74%*5
卡提希娅,共鸣回路,共鸣回路: 暴风雨,damage,普攻第五段伤害,7.20% + 28.80%
卡提希娅,共鸣回路,共鸣回路: 暴风雨,damage,闪避反击伤害,3.20% + 3.20% + 3.20% + 6.39%
卡提希娅,共鸣回路,共鸣回路: 暴风雨,damage,上挑攻击伤害,4.54%*2
卡提希娅,共鸣回路,共鸣回路: 暴风雨,damage,重击伤害,4.28% + 9.97%
卡提希娅,共鸣回路,共鸣回路: 暴风雨,damage,强化重击伤害,7.78%*2 + 3.89%
卡提希娅,共鸣回路,共鸣回路: 暴风雨,damage,空中攻击第一段伤害,2.99% + 2.99% + 3.08%
卡提希娅,共鸣回路,共鸣回路: 暴风雨,damage,空中攻击第二段伤害,7.39% + 7.39% + 14.77%
卡提希娅,共鸣回路,共鸣回路: 暴风雨,damage,空中攻击第三段伤害,2.20%
卡提希娅,共鸣回路,共鸣回路: 暴风雨,damage,共鸣技能·此剑为潮浪之意伤害,1.86%*4 + 17.36%
卡提希娅,共鸣回路,共鸣回路: 暴风雨,damage,共鸣技能·凭风斩浪破敌伤害,1.86%*2 + 7.03%*3
卡提希娅,共鸣解放,共鸣解放: 听骑士从心祈愿,damage,看潮怒风哮之刃伤害,13.12%*7
卡提希娅,变奏技能,变奏技能: 此剑，为潮水的过去,damage,此剑，为潮水的过去伤害,2.08%*3 + 6.24%
卡提希娅,变奏技能,变奏技能: 此剑，为潮水的过去,damage,此剑，为自由的未来伤害,4.28% + 9.97%
赞妮,常态攻击,例行交涉,damage,第一段伤害,58.85%
赞妮,常态攻击,例行交涉,damage,第二段伤害,79.53%
赞妮,常态攻击,例行交涉,damage,第三段伤害,42.42%*3
赞妮,常态攻击,例行交涉,damage,第四段伤害,67.60%*4
赞妮,常态攻击,例行交涉,damage,突破性进展伤害,61.50% + 17.58%*7
赞妮,常态攻击,例行交涉,damage,重击伤害,41.08%*4
赞妮,常态攻击,例行交涉,damage,空中攻击伤害,104.98%
赞妮,常态攻击,例行交涉,damage,闪避反击伤害,74.23%*3
赞妮,共鸣技能,无眠守望,damage,标准防卫预案伤害,63.94%
赞妮,共鸣技能,无眠守望,damage,精准反击伤害,61.00% + 121.99%
赞妮,共鸣技能,无眠守望,damage,集中压制伤害,86.19% + 28.73% + 172.37%
赞妮,共鸣技能,无眠守望,damage,破袭反击伤害,86.19% + 28.73% + 172.37%
赞妮,共鸣回路,黯夜将明,damage,重斩·破晓伤害,198.81%
赞妮,共鸣回路,黯夜将明,damage,重斩·将明伤害,424.07%
赞妮,共鸣回路,黯夜将明,damage,重斩·终夜伤害,135.20% + 262.43%
赞妮,共鸣回路,黯夜将明,damage,重斩·闪裂伤害,424.07%
赞妮,共鸣解放,晨昏交替之时,damage,重燃伤害,318.52%
赞妮,共鸣解放,晨昏交替之时,damage,终绝将至之刻伤害,191.12% + 1082.96%
赞妮,变奏技能,即刻执行,damage,技能伤害,24.24%*5 + 80.80%
坎特蕾拉,常态攻击,常态攻击: 虚像陷落,damage,第一段伤害,79.53%
坎特蕾拉,常态攻击,常态攻击: 虚像陷落,damage,第二段伤害,36.44%*4
坎特蕾拉,常态攻击,常态攻击: 虚像陷落,damage,第三段伤害,72.57%*2
坎特蕾拉,常态攻击,常态攻击: 虚像陷落,damage,重击伤害,57.18%*2
坎特蕾拉,常态攻击,常态攻击: 虚像陷落,damage,浮潜幻海伤害,53.05%*2
坎特蕾拉,常态攻击,常态攻击: 虚像陷落,damage,空中攻击伤害,41.99% + 62.99%
坎特蕾拉,常态攻击,常态攻击: 虚像陷落,damage,闪避反击伤害,53.01%*4
坎特蕾拉,共鸣技能,幽影共舞,damage,翩跹伤害,73.60%*2
坎特蕾拉,共鸣技能,幽影共舞,damage,斑驳幻梦伤害,196.23%
坎特蕾拉,共鸣技能,幽影共舞,damage,惊醒伤害,198.81%
坎特蕾拉,共鸣回路,虚实之间,damage,蛰幻第一段伤害,35.33%*3
坎特蕾拉,共鸣回路,虚实之间,damage,蛰幻第二段伤害,62.93%*2
坎特蕾拉,共鸣回路,虚实之间,damage,蛰幻第三段伤害,64.62%*4
坎特蕾拉,共鸣回路,虚实之间,damage,暗涌漩涡伤害,41.99% + 62.99%
坎特蕾拉,共鸣回路,虚实之间,damage,感知汲取伤害,667.99%*2
坎特蕾拉,共鸣回路,虚实之间,damage,掠影伤害,75.09%*3
坎特蕾拉,共鸣解放,海面之下,damage,陷溺伤害,376.00%
坎特蕾拉,共鸣解放,海面之下,damage,弥漫伤害,14.54%*21
坎特蕾拉,变奏技能,游弋,damage,点水伤害,42.25%*4
坎特蕾拉,变奏技能,游弋,damage,逐浪伤害,16.90%*3 + 118.30%
菲比,常态攻击,敬请光辉降落,damage,第一段伤害,29.53%
菲比,常态攻击,敬请光辉降落,damage,第二段伤害,22.37% + 27.34%
菲比,常态攻击,敬请光辉降落,damage,第三段伤害,14.24%*8
菲比,常态攻击,敬请光辉降落,damage,重击伤害,41.35%*4
菲比,常态攻击,敬请光辉降落,damage,下落攻击伤害,46.23%*2
菲比,常态攻击,敬请光辉降落,damage,闪避反击伤害,21.58%*8
菲比,常态攻击,敬请光辉降落,damage,夏弥尔之星·闪避反击伤害,43.84%*6
菲比,共鸣技能,追寻光芒之所,damage,技能伤害,62.63%*2
菲比,共鸣技能,追寻光芒之所,damage,【镜之环】反射圣辉伤害,14.92%*2
菲比,共鸣技能,追寻光芒之所,damage,夏弥尔之星第一段伤害,59.35%
菲比,共鸣技能,追寻光芒之所,damage,夏弥尔之星第二段伤害,39.77%*2
菲比,共鸣技能,追寻光芒之所,damage,夏弥尔之星第三段伤害,28.93%*6
菲比,共鸣回路,交错星辉的祝祷,damage,圣祷赦罪伤害,638.19%
菲比,共鸣回路,交错星辉的祝祷,damage,显明告解伤害,187.88%
菲比,共鸣回路,交错星辉的祝祷,damage,重击·星辉伤害,82.69%*3
菲比,共鸣解放,启明之誓愿,damage,技能伤害,401.60%
菲比,变奏技能,金色恩典,damage,技能伤害,198.81%
布兰特,常态攻击,常态攻击: 船长的狂想演出,damage,第一段伤害,50.53%
布兰特,常态攻击,常态攻击: 船长的狂想演出,damage,第二段伤害,50.70% + 50.70%
布兰特,常态攻击,常态攻击: 船长的狂想演出,damage,第三段伤害,22.06%*3 + 33.08%*2
布兰特,常态攻击,常态攻击: 船长的狂想演出,damage,第四段伤害,28.02% + 22.42%*5
布兰特,常态攻击,常态攻击: 船长的狂想演出,damage,重击伤害,197.55%
布兰特,常态攻击,常态攻击: 船长的狂想演出,damage,重击·狂想即兴伤害,168.99%
布兰特,常态攻击,常态攻击: 船长的狂想演出,damage,空中攻击第一段伤害,122.86%
布兰特,常态攻击,常态攻击: 船长的狂想演出,damage,空中攻击第一段长按伤害,33.25% + 49.87% + 41.56%*6
布兰特,常态攻击,常态攻击: 船长的狂想演出,damage,空中攻击第一段空翻伤害,33.80% + 59.15%
布兰特,常态攻击,常态攻击: 船长的狂想演出,damage,空中攻击第一段斩击伤害,28.17%*3
布兰特,常态攻击,常态攻击: 船长的狂想演出,damage,空中攻击第二段伤害,84.92% + 84.92%
布兰特,常态攻击,常态攻击: 船长的狂想演出,damage,空中攻击第二段长按伤害,32.87%*6
布兰特,常态攻击,常态攻击: 船长的狂想演出,damage,空中攻击第二段空翻伤害,33.80% + 59.15%
布兰特,常态攻击,常态攻击: 船长的狂想演出,damage,空中攻击第三段伤害,28.17%*6
布兰特,常态攻击,常态攻击: 船长的狂想演出,damage,空中攻击第三段空翻伤害,33.80% + 59.15%
布兰特,常态攻击,常态攻击: 船长的狂想演出,damage,空中攻击第四段伤害,101.53% + 25.39%*3 + 76.15%
布兰特,常态攻击,常态攻击: 船长的狂想演出,damage,闪避反击伤害,38.03%*3 + 57.04%*2
布兰特,共鸣技能,共鸣技能: 起锚！,damage,技能伤害,200.35% + 133.57%
布兰特,共鸣技能,共鸣技能: 起锚！,damage,下落攻击伤害,104.78%
布兰特,共鸣回路,共鸣回路: 海中戏剧,damage,火焰归亡曲伤害,47.22%*2 + 94.44% + 188.87%*2 + 1322.09%
布兰特,共鸣解放,共鸣解放: 直到世界尽头,damage,技能伤害,85.06%*4 + 340.21%
布兰特,变奏技能,变奏技能: 为我！,damage,技能伤害,202.79% + 50.70%
洛可可,常态攻击,佩洛，悠着点,damage,第一段伤害,73.18%
洛可可,常态攻击,佩洛，悠着点,damage,第二段伤害,38.14%*3
洛可可,常态攻击,佩洛，悠着点,damage,第三段伤害,33.80%*2 + 101.40%
洛可可,常态攻击,佩洛，悠着点,damage,第四段伤害,104.19%*2
洛可可,常态攻击,佩洛，悠着点,damage,重击伤害,168.99%
洛可可,常态攻击,佩洛，悠着点,damage,空中攻击伤害,104.78%
洛可可,常态攻击,佩洛，悠着点,damage,闪避反击伤害,68.90%*3
洛可可,共鸣技能,高难度设计,damage,技能伤害,61.47%*8
洛可可,共鸣回路,道具师的自我修养,damage,第一段伤害,322.08%
洛可可,共鸣回路,道具师的自我修养,damage,第二段伤害,339.97%
洛可可,共鸣回路,道具师的自我修养,damage,第三段伤害,357.86%
洛可可,共鸣解放,即兴喜剧，开场,damage,技能伤害,278.34%*3
洛可可,变奏技能,佩洛，来帮忙,damage,技能伤害,168.99%
珂莱塔,常态攻击,缄默执行,damage,普攻第一段伤害,54.08%
珂莱塔,常态攻击,缄默执行,damage,普攻第二段伤害,39.55% + 39.55% + 52.73%
珂莱塔,常态攻击,缄默执行,damage,必要性手段第一段伤害,65.91%
珂莱塔,常态攻击,缄默执行,damage,必要性手段第二段伤害,60.08% + 73.43%
珂莱塔,常态攻击,缄默执行,damage,必要性手段第三段伤害,139.93% + 23.33%*4
珂莱塔,常态攻击,缄默执行,damage,重击伤害,22.82%*2 + 22.82%*2 + 60.84%
珂莱塔,常态攻击,缄默执行,damage,限制性策略伤害,34.23%*2 + 34.23%*2 + 91.26%
珂莱塔,常态攻击,缄默执行,damage,空中攻击伤害,104.78%
珂莱塔,常态攻击,缄默执行,damage,礼节性问候伤害,107.99% + 131.99%
珂莱塔,常态攻击,缄默执行,damage,闪避反击伤害,103.77% + 137.55%
珂莱塔,共鸣技能,暴力美学,damage,技能伤害,144.11% + 144.11%
珂莱塔,共鸣技能,暴力美学,damage,示我璀璨伤害,112.73% + 112.73% + 338.18%
珂莱塔,共鸣回路,艺间巡礼,damage,末路见行伤害,66.83%*5 + 501.21%
珂莱塔,共鸣解放,新浪潮时代,damage,技能伤害,402.71%
珂莱塔,共鸣解放,新浪潮时代,damage,死兆伤害,183.64% + 14.50%*4
珂莱塔,共鸣解放,新浪潮时代,damage,致死以终伤害,644.33%
珂莱塔,变奏技能,入冬叹调,damage,技能伤害,178.93% + 59.65%*2
椿,常态攻击,常态攻击: 育种,damage,第一段伤害,62.53%
椿,常态攻击,常态攻击: 育种,damage,第二段伤害,46.48%*2
椿,常态攻击,常态攻击: 育种,damage,第三段伤害,50.70%*3
椿,常态攻击,常态攻击: 育种,damage,第四段伤害,24.70%*20
椿,常态攻击,常态攻击: 育种,damage,第五段伤害,48.17%*4
椿,常态攻击,常态攻击: 育种,damage,重击伤害,88.14%*3
椿,常态攻击,常态攻击: 育种,damage,空中攻击伤害,65.61%*2
椿,常态攻击,常态攻击: 育种,damage,闪避反击伤害,99.40%*3
椿,共鸣技能,共鸣技能: 盛放与凋零的轮舞,damage,红椿盛绽伤害,113.62%*2
椿,共鸣技能,共鸣技能: 盛放与凋零的轮舞,damage,蔓舞第一段伤害,96.33%
椿,共鸣技能,共鸣技能: 盛放与凋零的轮舞,damage,蔓舞第二段伤害,45.63%*2
椿,共鸣技能,共鸣技能: 盛放与凋零的轮舞,damage,蔓舞第三段伤害,21.95%*6
椿,共鸣技能,共鸣技能: 盛放与凋零的轮舞,damage,蔓舞第四段伤害,67.59%*3
椿,共鸣技能,共鸣技能: 盛放与凋零的轮舞,damage,烬华蔓舞伤害,21.95%*19
椿,共鸣技能,共鸣技能: 盛放与凋零的轮舞,damage,黯蕊猎心伤害,52.61%*5
椿,共鸣技能,共鸣技能: 盛放与凋零的轮舞,damage,旋舞伤害,52.95%*3
椿,共鸣技能,共鸣技能: 盛放与凋零的轮舞,damage,偿赎伤害,113.33%*2
椿,共鸣回路,共鸣回路: 植物性宇宙,damage,一日花伤害,1262.45%
椿,共鸣解放,共鸣解放: 芳华绽烬,damage,技能伤害,1202.81%
椿,变奏技能,变奏技能: 八千春秋,damage,技能伤害,198.81%
守岸人,常态攻击,真源构演,damage,普攻第一段伤害,31.78%
守岸人,常态攻击,真源构演,damage,普攻第二段伤害,23.86%*2
守岸人,常态攻击,真源构演,damage,普攻第三段伤害,23.32%*3
守岸人,常态攻击,真源构演,damage,普攻第四段伤害,72.72%
守岸人,常态攻击,真源构演,damage,重击伤害,45.81%
守岸人,常态攻击,真源构演,damage,下落攻击伤害,73.96%
守岸人,常态攻击,真源构演,damage,闪避反击伤害,87.48%*2
守岸人,共鸣技能,混沌理论,damage,黯星·蝶伤害,31.31%
守岸人,共鸣回路,群星漫响,damage,耀星·蝶伤害,37.29%
守岸人,共鸣回路,群星漫响,damage,演绎伤害,18.97%*5
守岸人,共鸣回路,群星漫响,damage,衍变伤害,73.96%
守岸人,共鸣解放,终末回环,healing,治疗量,438 + 2.39%生命
守岸人,变奏技能,故此证明,damage,启迪伤害,45.30%*5
守岸人,变奏技能,故此证明,damage,洞悉伤害,19.64%*3生命
折枝,常态攻击,轻云淡墨,damage,第一段伤害,41.76%*2
折枝,常态攻击,轻云淡墨,damage,第二段伤害,20.55%*5
折枝,常态攻击,轻云淡墨,damage,第三段伤害,133.61%
折枝,常态攻击,轻云淡墨,damage,重击伤害,112.72%
折枝,常态攻击,轻云淡墨,damage,空中攻击伤害,24.95%*5 + 104.78%
折枝,常态攻击,轻云淡墨,damage,闪避反击伤害,29.07%*5
折枝,共鸣技能,以形写神,damage,短按技能伤害,98.42%*3
折枝,共鸣技能,以形写神,damage,长按技能伤害,98.42%*3
折枝,共鸣技能,以形写神,damage,空中短按伤害,98.42%*3
折枝,共鸣回路,妙笔丹青,damage,重击·构形伤害,83.01%*3
折枝,共鸣回路,妙笔丹青,damage,神来之笔伤害,298.22%
折枝,共鸣回路,妙笔丹青,damage,极意·神来之笔伤害,119.29%*3
折枝,共鸣解放,虚实境趣,damage,墨鹤伤害,65.21%
折枝,变奏技能,柔翰生辉,damage,技能伤害,86.16%*3
相里要,常态攻击,问难,damage,第一段伤害,33.11%*2
相里要,常态攻击,问难,damage,第二段伤害,99.61%
相里要,常态攻击,问难,damage,第三段伤害,39.76%*3
相里要,常态攻击,问难,damage,第四段伤害,53.05%*2 + 26.53%
相里要,常态攻击,问难,damage,第五段伤害,198.81%
相里要,常态攻击,问难,damage,重击伤害,82.81%*2
相里要,常态攻击,问难,damage,空中攻击伤害,123.27%
相里要,常态攻击,问难,damage,闪避反击伤害,238.58%
相里要,共鸣技能,基本推衍,damage,技能伤害,198.81%
相里要,共鸣回路,察类明故,damage,应刃伤害,397.82%
相里要,共鸣回路,察类明故,damage,万方法则伤害,95.73%*4 + 255.28%
相里要,共鸣回路,察类明故,damage,解裂重构伤害,21.87%*4 + 65.61%*2
相里要,共鸣解放,思维矩阵,damage,思维矩阵伤害,1466.06%
相里要,共鸣解放,思维矩阵,damage,枢机·勘破第一段伤害,119.67%
相里要,共鸣解放,思维矩阵,damage,枢机·勘破第二段伤害,60.92%*4
相里要,共鸣解放,思维矩阵,damage,枢机·勘破第三段伤害,133.25%*2
相里要,共鸣解放,思维矩阵,damage,一相万殊伤害,49.59%*3 + 173.55%*2
相里要,共鸣解放,思维矩阵,damage,知无定形伤害,38.83%*2 + 310.58%
相里要,变奏技能,正理,damage,技能伤害,99.41%*2
长离,常态攻击,衔火洞明,damage,普攻第一段伤害,29.49%*2
长离,常态攻击,衔火洞明,damage,普攻第二段伤害,35.49%*2
长离,常态攻击,衔火洞明,damage,普攻第三段伤害,36.45%*3
长离,常态攻击,衔火洞明,damage,普攻第四段伤害,50.70% + 29.58%*4
长离,常态攻击,衔火洞明,damage,空中攻击第一段伤害,61.35%
长离,常态攻击,衔火洞明,damage,空中攻击第二段伤害,50.87%*2
长离,常态攻击,衔火洞明,damage,空中攻击第三段伤害,44.00%*3
长离,常态攻击,衔火洞明,damage,空中攻击第四段伤害,38.03% + 22.18%*4
长离,共鸣技能,赫羽三相,damage,心眼·劫伤害,81.88%*3 + 163.76%
长离,共鸣技能,赫羽三相,damage,心眼·征伤害,58.95%*2 + 82.52% + 94.31%
长离,共鸣技能,赫羽三相,damage,心眼·冲伤害,72.68% + 109.02%
长离,共鸣回路,焚身以火,damage,焚身以火伤害,39.25%*5 + 457.85%
长离,共鸣解放,离火照丹心,damage,技能伤害,1212.75%
长离,变奏技能,天道持枢,damage,技能伤害,44.50% + 25.96%*4
今汐,常态攻击,浮光霁寒,damage,第一段伤害,66.47%
今汐,常态攻击,浮光霁寒,damage,第二段伤害,38.99% + 19.50%*3
今汐,常态攻击,浮光霁寒,damage,第三段伤害,10.65%*7 + 31.94%
今汐,常态攻击,浮光霁寒,damage,第四段伤害,63.09% + 94.63%
今汐,常态攻击,浮光霁寒,damage,重击伤害,23.86%*5 + 35.79% + 83.51%
今汐,常态攻击,浮光霁寒,damage,空中攻击伤害,12.33% + 24.66% + 86.29%
今汐,常态攻击,浮光霁寒,damage,闪避反击伤害,14.68%*7 + 44.02%
今汐,共鸣技能,流光夕影,damage,流光夕影伤害,19.46%*4 + 77.84%
今汐,共鸣技能,流光夕影,damage,神霓飞芒伤害,9.87%*4 + 29.59%*4 + 39.45%
今汐,共鸣回路,万物一心,damage,凌霄·普攻第一段伤害,88.62%
今汐,共鸣回路,万物一心,damage,凌霄·普攻第二段伤害,77.97% + 25.99% + 25.99%
今汐,共鸣回路,万物一心,damage,凌霄·普攻第三段伤害,99.44% + 66.30%
今汐,共鸣回路,万物一心,damage,凌霄·普攻第四段伤害,18.67%*6 + 74.67%
今汐,共鸣回路,万物一心,damage,凌霄·重击伤害,47.72% + 111.34%
今汐,共鸣回路,万物一心,damage,凌霄·闪避反击伤害,43.89% + 32.92%*2 + 109.71%
今汐,共鸣回路,万物一心,damage,逐天取月技能伤害,100.76% + 75.57%*2 + 251.90%
今汐,共鸣回路,万物一心,damage,惊龙破空·熠日伤害,19.89%*6
今汐,共鸣回路,万物一心,damage,惊龙破空·炳星伤害,347.92%
今汐,共鸣解放,移岁诛邪,damage,技能伤害,499.81% + 1166.22%
今汐,变奏技能,蟠龙清辉,damage,技能伤害,159.05%
吟霖,常态攻击,悬丝华刃舞,damage,第一段伤害,28.81%
吟霖,常态攻击,悬丝华刃舞,damage,第二段伤害,33.82%*2
吟霖,常态攻击,悬丝华刃舞,damage,第三段伤害,13.99%*7
吟霖,常态攻击,悬丝华刃舞,damage,第四段伤害,75.16%
吟霖,常态攻击,悬丝华刃舞,damage,重击伤害,29.83%*2
吟霖,常态攻击,悬丝华刃舞,damage,空中攻击伤害,123.27%
吟霖,常态攻击,悬丝华刃舞,damage,闪避反击伤害,24.22%*7
吟霖,共鸣技能,磁殛咆哮,damage,磁殛咆哮伤害,59.65%*3
吟霖,共鸣技能,磁殛咆哮,damage,召雷磁爆伤害,89.47%*4
吟霖,共鸣技能,磁殛咆哮,damage,磁殛爆发伤害,19.89%
吟霖,共鸣回路,千面魅影,damage,千面魅影伤害,178.93%*2
吟霖,共鸣回路,千面魅影,damage,审判之雷伤害,78.64%
吟霖,共鸣解放,破天雷灭击,damage,技能伤害,116.56%*7
吟霖,变奏技能,狂雷飓风,damage,技能伤害,14.32%*10
忌炎,常态攻击,孤枪止戈,damage,第一段伤害,73.16%
忌炎,常态攻击,孤枪止戈,damage,第二段伤害,43.73%
忌炎,常态攻击,孤枪止戈,damage,第三段伤害,36.38%*5
忌炎,常态攻击,孤枪止戈,damage,第四段伤害,66.20%*2
忌炎,常态攻击,孤枪止戈,damage,第五段伤害,23.60%*7+153.45%*2
忌炎,常态攻击,孤枪止戈,damage,重击伤害,22.20%*6
忌炎,常态攻击,孤枪止戈,damage,凌空击伤害,105.96%
忌炎,常态攻击,孤枪止戈,damage,潜渊斩伤害,81.71%
忌炎,常态攻击,孤枪止戈,damage,空中攻击伤害,123.26%
忌炎,常态攻击,孤枪止戈,damage,长空不坠伤害,79.52%
忌炎,常态攻击,孤枪止戈,damage,空中攻击追击伤害,155.66%
忌炎,常态攻击,孤枪止戈,damage,闪避反击伤害,125.85%*2
忌炎,共鸣技能,枪扫风定,damage,技能伤害,106.36%*4
忌炎,共鸣回路,苍龙破阵,damage,苍躣八荒·后动伤害,142.91%*2+428.73%
忌炎,共鸣解放,苍躣八荒·谋定,damage,破阵之枪第一段伤害,65.52%*8
忌炎,共鸣解放,苍躣八荒·谋定,damage,破阵之枪第二段伤害,61.55%*8
忌炎,共鸣解放,苍躣八荒·谋定,damage,破阵之枪第三段伤害,66.76%*8
忌炎,变奏技能,攻其不备,damage,技能伤害,198.81%
漂泊者-女-气动,常态攻击,常态攻击: 刻雾裁风,damage,第一段伤害,35.31%
漂泊者-女-气动,常态攻击,常态攻击: 刻雾裁风,damage,第二段伤害,43.05%*2
漂泊者-女-气动,常态攻击,常态攻击: 刻雾裁风,damage,第三段伤害,55.05%
漂泊者-女-气动,常态攻击,常态攻击: 刻雾裁风,damage,第四段伤害,76.72%
漂泊者-女-气动,常态攻击,常态攻击: 刻雾裁风,damage,飞刃伤害,1.99%*25
漂泊者-女-气动,常态攻击,常态攻击: 刻雾裁风,damage,重击伤害,17.91%*3
漂泊者-女-气动,常态攻击,常态攻击: 刻雾裁风,damage,绞息伤害,36.37% + 44.46%
漂泊者-女-气动,常态攻击,常态攻击: 刻雾裁风,damage,空中攻击伤害,140.76%
漂泊者-女-气动,常态攻击,常态攻击: 刻雾裁风,damage,闪避反击伤害,125.43%
漂泊者-女-气动,共鸣技能,共鸣技能: 裂象,damage,苍息破象伤害,66.44% + 99.66%
漂泊者-女-气动,共鸣技能,共鸣技能: 裂象,damage,碧霄断行伤害,23.37%*3 + 105.15%
漂泊者-女-气动,共鸣回路,共鸣回路: 风息流转,damage,抃风儛润第一段伤害,128.80%
漂泊者-女-气动,共鸣回路,共鸣回路: 风息流转,damage,抃风儛润第二段伤害,141.47%
漂泊者-女-气动,共鸣回路,共鸣回路: 风息流转,damage,缥缈无相第一段伤害,34.30%*5
漂泊者-女-气动,共鸣回路,共鸣回路: 风息流转,damage,缥缈无相第二段伤害,723.03%
漂泊者-女-气动,共鸣解放,共鸣解放: 万象归墟,damage,技能伤害,536.79%
漂泊者-女-气动,变奏技能,变奏技能: 狂岚未尽,damage,技能伤害,79.53% + 119.29%
漂泊者-男-气动,常态攻击,常态攻击: 刻雾裁风,damage,第一段伤害,35.31%
漂泊者-男-气动,常态攻击,常态攻击: 刻雾裁风,damage,第二段伤害,43.05%*2
漂泊者-男-气动,常态攻击,常态攻击: 刻雾裁风,damage,第三段伤害,55.05%
漂泊者-男-气动,常态攻击,常态攻击: 刻雾裁风,damage,第四段伤害,76.72%
漂泊者-男-气动,常态攻击,常态攻击: 刻雾裁风,damage,飞刃伤害,1.99%*25
漂泊者-男-气动,常态攻击,常态攻击: 刻雾裁风,damage,重击伤害,17.91%*3
漂泊者-男-气动,常态攻击,常态攻击: 刻雾裁风,damage,绞息伤害,36.37% + 44.46%
漂泊者-男-气动,常态攻击,常态攻击: 刻雾裁风,damage,空中攻击伤害,140.76%
漂泊者-男-气动,常态攻击,常态攻击: 刻雾裁风,damage,闪避反击伤害,125.43%
漂泊者-男-气动,共鸣技能,共鸣技能: 裂象,damage,苍息破象伤害,66.44% + 99.66%
漂泊者-男-气动,共鸣技能,共鸣技能: 裂象,damage,碧霄断行伤害,23.37%*3 + 105.15%
漂泊者-男-气动,共鸣回路,共鸣回路: 风息流转,damage,抃风儛润第一段伤害,128.80%
漂泊者-男-气动,共鸣回路,共鸣回路: 风息流转,damage,抃风儛润第二段伤害,141.47%
漂泊者-男-气动,共鸣回路,共鸣回路: 风息流转,damage,缥缈无相第一段伤害,34.30%*5
漂泊者-男-气动,共鸣回路,共鸣回路: 风息流转,damage,缥缈无相第二段伤害,723.03%
漂泊者-男-气动,共鸣解放,共鸣解放: 万象归墟,damage,技能伤害,536.79%
漂泊者-男-气动,变奏技能,变奏技能: 狂岚未尽,damage,技能伤害,79.53% + 119.29%
鉴心,常态攻击,风仪拳术,damage,第一段伤害,69.46%
鉴心,常态攻击,风仪拳术,damage,第二段伤害,26.64%*2+79.90%
鉴心,常态攻击,风仪拳术,damage,第三段伤害,41.75%*4
鉴心,常态攻击,风仪拳术,damage,第四段伤害,113.40%
鉴心,常态攻击,风仪拳术,damage,重击伤害,126.07%
鉴心,常态攻击,风仪拳术,damage,空中攻击伤害,123.27%
鉴心,常态攻击,风仪拳术,damage,极限闪避反击伤害,40.83%*2+163.29%
鉴心,共鸣技能,静气循行,damage,行气反击伤害,334.60%
鉴心,共鸣技能,静气循行,damage,降气反击伤害,258.73%
鉴心,共鸣回路,混元气旋,damage,冲拳伤害,248.52%
鉴心,共鸣回路,混元气旋,damage,运气持续伤害,24.86%
鉴心,共鸣回路,混元气旋,damage,小周天震气伤害,139.17%
鉴心,共鸣回路,混元气旋,damage,大周天·内震气伤害,377.74%
鉴心,共鸣回路,混元气旋,damage,大周天·外震气伤害,516.91%
鉴心,共鸣回路,混元气旋,damage,推手伤害,218.70%
鉴心,共鸣解放,涤净力场,damage,共鸣解放持续伤害,29.83%
鉴心,共鸣解放,涤净力场,damage,共鸣解放炸裂伤害,636.20%
鉴心,变奏技能,掌息之要,damage,技能伤害,33.80%*3+67.60%
卡卡罗,常态攻击,猎犬剑技·獠牙撕扯,damage,第一段伤害,45.73%*2
卡卡罗,常态攻击,猎犬剑技·獠牙撕扯,damage,第二段伤害,99.41%
卡卡罗,常态攻击,猎犬剑技·獠牙撕扯,damage,第三段伤害,85.18%+42.59%*3
卡卡罗,常态攻击,猎犬剑技·獠牙撕扯,damage,第四段伤害,79.51%*2+106.01%
卡卡罗,常态攻击,猎犬剑技·獠牙撕扯,damage,重击伤害,41.36%*5
卡卡罗,常态攻击,猎犬剑技·獠牙撕扯,damage,空中攻击伤害,123.27%
卡卡罗,常态攻击,猎犬剑技·獠牙撕扯,damage,闪避反击伤害,66.48%*3+85.47%
卡卡罗,共鸣技能,灭杀指令,damage,灭杀指令第一段伤害,51.57%*2+68.76%
卡卡罗,共鸣技能,灭杀指令,damage,灭杀指令第二段伤害,77.36%*2+103.14%
卡卡罗,共鸣技能,灭杀指令,damage,灭杀指令第三段伤害,214.87%*2
卡卡罗,共鸣回路,猎杀使命,damage,「仁慈」伤害,39.11%*8+78.22%
卡卡罗,共鸣回路,猎杀使命,damage,「死告」伤害,97.77%*8+195.53%
卡卡罗,共鸣解放,幻影蚀刻,damage,技能伤害,596.43%
卡卡罗,共鸣解放,幻影蚀刻,damage,「必要的手段」伤害,198.81%*2
卡卡罗,共鸣解放,幻影蚀刻,damage,重击伤害,62.03%*5
卡卡罗,共鸣解放,幻影蚀刻,damage,闪避反击伤害,56.99%*6
卡卡罗,变奏技能,全境通缉,damage,技能伤害,39.77%*2+59.65%*2
安可,常态攻击,羊咩出击,damage,第一段伤害,55.66%
安可,常态攻击,羊咩出击,damage,第二段伤害,66.20%
安可,常态攻击,羊咩出击,damage,第三段伤害,66.30%*2
安可,常态攻击,羊咩出击,damage,第四段伤害,38.27%*4
安可,常态攻击,羊咩出击,damage,咩咩伤害,238.57%
安可,常态攻击,羊咩出击,damage,重击伤害,187.08%
安可,常态攻击,羊咩出击,damage,闪避反击伤害,125.94%*2
安可,共鸣技能,热力羊咩,damage,热力羊咩伤害,76.61%*8
安可,共鸣技能,热力羊咩,damage,热情欢迎式伤害,339.16%
安可,共鸣回路,黑白羊咩,damage,白咩·失控之炎伤害,334.00%
安可,共鸣回路,黑白羊咩,damage,黑咩·暴走之炎伤害,46.42%*6+495.21%
安可,共鸣解放,黑咩大暴走,damage,黑咩·胡闹第一段伤害,90.18%*2
安可,共鸣解放,黑咩大暴走,damage,黑咩·胡闹第二段伤害,56.40%*3
安可,共鸣解放,黑咩大暴走,damage,黑咩·胡闹第三段伤害,65.99%*4
安可,共鸣解放,黑咩大暴走,damage,黑咩·胡闹第四段伤害,194.01%*3
安可,共鸣解放,黑咩大暴走,damage,黑咩·重击伤害,217.58%
安可,共鸣解放,黑咩大暴走,damage,黑咩·狂热伤害,63.32%*4
安可,共鸣解放,黑咩大暴走,damage,黑咩·闪避反击伤害,65.99%*4
安可,变奏技能,咩咩帮手,damage,技能伤害,198.81%
维里奈,常态攻击,育苗,damage,第一段伤害,37.86%
维里奈,常态攻击,育苗,damage,第二段伤害,51.16%
维里奈,常态攻击,育苗,damage,第三段伤害,25.58%*2
维里奈,常态攻击,育苗,damage,第四段伤害,67.32%
维里奈,常态攻击,育苗,damage,第五段伤害,71.62%
维里奈,常态攻击,育苗,damage,重击伤害,99.41%
维里奈,常态攻击,育苗,damage,空中攻击第一段伤害,56.37%
维里奈,常态攻击,育苗,damage,空中攻击第二段伤害,53.19%
维里奈,常态攻击,育苗,damage,空中攻击第三段伤害,25.42%*3
维里奈,常态攻击,育苗,damage,空中重击伤害,61.64%
维里奈,常态攻击,育苗,damage,闪避反击伤害,129.23%
维里奈,共鸣技能,扩繁试验,damage,技能伤害,35.79%*3+71.58%
维里奈,共鸣回路,星星花绽放,damage,重击·星星花绽放伤害,64.95%+97.42%
维里奈,共鸣回路,星星花绽放,damage,空中攻击·星星花绽放第一段伤害,67.64%
维里奈,共鸣回路,星星花绽放,damage,空中攻击·星星花绽放第二段伤害,63.82%
维里奈,共鸣回路,星星花绽放,damage,空中攻击·星星花绽放第三段伤害,30.50%*3
维里奈,共鸣解放,草木生长,damage,技能伤害,198.81%
维里奈,共鸣解放,草木生长,damage,协同攻击伤害,9.95%
维里奈,变奏技能,蔓延,damage,技能伤害,99.41%
凌阳,常态攻击,常态·凛凛威风拳,damage,第一段伤害,59.65%
凌阳,常态攻击,常态·凛凛威风拳,damage,第二段伤害,79.53%
凌阳,常态攻击,常态·凛凛威风拳,damage,第三段伤害,72.87%*2
凌阳,常态攻击,常态·凛凛威风拳,damage,第四段伤害,20.41%*5+43.72%
凌阳,常态攻击,常态·凛凛威风拳,damage,第五段伤害,152.49%
凌阳,常态攻击,常态·凛凛威风拳,damage,崩拳·当头咆哮伤害,79.53%*2
凌阳,常态攻击,常态·凛凛威风拳,damage,重击伤害,145.73%
凌阳,常态攻击,常态·凛凛威风拳,damage,空中攻击伤害,123.27%
凌阳,常态攻击,常态·凛凛威风拳,damage,闪避反击伤害,126.05%*2
凌阳,共鸣技能,冲掌·势式相承,damage,冲掌·势式相承伤害,132.61%
凌阳,共鸣技能,冲掌·势式相承,damage,惊跃·郁怒追逃伤害,76.25%*2
凌阳,共鸣回路,形神合一,damage,起势·纵地金光伤害,172.37%
凌阳,共鸣回路,形神合一,damage,狂态·摇光金狮舞第一段伤害,87.08%*2+116.11%
凌阳,共鸣回路,形神合一,damage,狂态·摇光金狮舞第二段伤害,31.77%*6
凌阳,共鸣回路,形神合一,damage,飞身式·翻山越涧伤害,82.88%*2
凌阳,共鸣回路,形神合一,damage,凌云式·腿打连环伤害,36.03%*8+192.15%
凌阳,共鸣回路,形神合一,damage,登楼·尾坠千斤伤害,174.96%*2
凌阳,共鸣解放,奋进·狮子奋迅，俱足万行,damage,技能伤害,397.62%
凌阳,变奏技能,出洞·睡狮蛰醒,damage,技能伤害,99.41%*2
漂泊者-男-衍射,常态攻击,化声为形,damage,第一段伤害,59.15%
漂泊者-男-衍射,常态攻击,化声为形,damage,第二段伤害,76.05%
漂泊者-男-衍射,常态攻击,化声为形,damage,第三段伤害,15.21%*5
漂泊者-男-衍射,常态攻击,化声为形,damage,第四段伤害,130.13%
漂泊者-男-衍射,常态攻击,化声为形,damage,极限闪避反击伤害,195.34%
漂泊者-男-衍射,常态攻击,化声为形,damage,重击伤害,19.27%*5
漂泊者-男-衍射,常态攻击,化声为形,damage,鸣奏伤害,76.05%
漂泊者-男-衍射,常态攻击,化声为形,damage,余音伤害,126.75%
漂泊者-男-衍射,常态攻击,化声为形,damage,空中攻击伤害,104.78%
漂泊者-男-衍射,共鸣技能,浮声千斩,damage,技能伤害,236.19%
漂泊者-男-衍射,共鸣回路,万物微尘,damage,浮声千斩·旋音伤害,129.08%*2
漂泊者-男-衍射,共鸣回路,万物微尘,damage,浮声千斩·旋音飞轮伤害,39.77%
漂泊者-男-衍射,共鸣回路,万物微尘,damage,浮声千斩·回声一段伤害,79.53%
漂泊者-男-衍射,共鸣回路,万物微尘,damage,浮声千斩·回声二段伤害,159.05%
漂泊者-男-衍射,共鸣解放,回响奏鸣,damage,技能伤害,198.81%+675.96%
漂泊者-男-衍射,变奏技能,震声,damage,技能伤害,168.99%
漂泊者-女-衍射,常态攻击,化声为形,damage,第一段伤害,59.15%
漂泊者-女-衍射,常态攻击,化声为形,damage,第二段伤害,76.05%
漂泊者-女-衍射,常态攻击,化声为形,damage,第三段伤害,15.21%*5
漂泊者-女-衍射,常态攻击,化声为形,damage,第四段伤害,130.13%
漂泊者-女-衍射,常态攻击,化声为形,damage,极限闪避反击伤害,195.34%
漂泊者-女-衍射,常态攻击,化声为形,damage,重击伤害,19.27%*5
漂泊者-女-衍射,常态攻击,化声为形,damage,鸣奏伤害,76.05%
漂泊者-女-衍射,常态攻击,化声为形,damage,余音伤害,126.75%
漂泊者-女-衍射,常态攻击,化声为形,damage,空中攻击伤害,104.78%
漂泊者-女-衍射,共鸣技能,浮声千斩,damage,技能伤害,236.19%
漂泊者-女-衍射,共鸣回路,万物微尘,damage,浮声千斩·旋音伤害,129.08%*2
漂泊者-女-衍射,共鸣回路,万物微尘,damage,浮声千斩·旋音飞轮伤害,39.77%
漂泊者-女-衍射,共鸣回路,万物微尘,damage,浮声千斩·回声一段伤害,79.53%
漂泊者-女-衍射,共鸣回路,万物微尘,damage,浮声千斩·回声二段伤害,159.05%
漂泊者-女-衍射,共鸣解放,回响奏鸣,damage,技能伤害,198.81%+675.96%
漂泊者-女-衍射,变奏技能,震声,damage,技能伤害,168.99%
漂泊者-男-湮灭,常态攻击,裁羽弑音,damage,第一段伤害,56.67%
漂泊者-男-湮灭,常态攻击,裁羽弑音,damage,第二段伤害,56.67%*2
漂泊者-男-湮灭,常态攻击,裁羽弑音,damage,第三段伤害,85.00%
漂泊者-男-湮灭,常态攻击,裁羽弑音,damage,第四段伤害,40.30%*3
漂泊者-男-湮灭,常态攻击,裁羽弑音,damage,第五段伤害,94.44%*2
漂泊者-男-湮灭,常态攻击,裁羽弑音,damage,重击伤害,95.43%
漂泊者-男-湮灭,常态攻击,裁羽弑音,damage,空中攻击伤害,117.10%
漂泊者-男-湮灭,常态攻击,裁羽弑音,damage,闪避反击伤害,179.43%
漂泊者-男-湮灭,共鸣技能,行刃,damage,技能伤害,286.29%*2
漂泊者-男-湮灭,共鸣回路,永夜开明,damage,灭音伤害,228.14%
漂泊者-男-湮灭,共鸣回路,永夜开明,damage,暗流·普攻第一段伤害,56.37%
漂泊者-男-湮灭,共鸣回路,永夜开明,damage,暗流·普攻第二段伤害,93.94%
漂泊者-男-湮灭,共鸣回路,永夜开明,damage,暗流·普攻第三段伤害,155.67%
漂泊者-男-湮灭,共鸣回路,永夜开明,damage,暗流·普攻第四段伤害,37.13%*3+111.39%
漂泊者-男-湮灭,共鸣回路,永夜开明,damage,暗流·普攻第五段伤害,28.52%*4+114.07%
漂泊者-男-湮灭,共鸣回路,永夜开明,damage,暗流·重击伤害,128.83%
漂泊者-男-湮灭,共鸣回路,永夜开明,damage,暗流·鸣刃伤害,126.65%+9.95%*4
漂泊者-男-湮灭,共鸣回路,永夜开明,damage,暗流·下落攻击伤害,123.27%
漂泊者-男-湮灭,共鸣回路,永夜开明,damage,暗流·闪避反击伤害,316.71%
漂泊者-男-湮灭,共鸣回路,永夜开明,damage,暗流·破命伤害,276.35%*2+9.95%*4
漂泊者-男-湮灭,共鸣解放,临渊死寂,damage,技能伤害,1520.90%
漂泊者-男-湮灭,变奏技能,化刹,damage,技能伤害,198.81%
漂泊者-女-湮灭,常态攻击,裁羽弑音,damage,第一段伤害,56.67%
漂泊者-女-湮灭,常态攻击,裁羽弑音,damage,第二段伤害,56.67%*2
漂泊者-女-湮灭,常态攻击,裁羽弑音,damage,第三段伤害,85.00%
漂泊者-女-湮灭,常态攻击,裁羽弑音,damage,第四段伤害,40.30%*3
漂泊者-女-湮灭,常态攻击,裁羽弑音,damage,第五段伤害,94.44%*2
漂泊者-女-湮灭,常态攻击,裁羽弑音,damage,重击伤害,95.43%
漂泊者-女-湮灭,常态攻击,裁羽弑音,damage,空中攻击伤害,117.10%
漂泊者-女-湮灭,常态攻击,裁羽弑音,damage,闪避反击伤害,179.43%
漂泊者-女-湮灭,共鸣技能,行刃,damage,技能伤害,286.29%*2
漂泊者-女-湮灭,共鸣回路,永夜开明,damage,灭音伤害,228.14%
漂泊者-女-湮灭,共鸣回路,永夜开明,damage,暗流·普攻第一段伤害,56.37%
漂泊者-女-湮灭,共鸣回路,永夜开明,damage,暗流·普攻第二段伤害,93.94%
漂泊者-女-湮灭,共鸣回路,永夜开明,damage,暗流·普攻第三段伤害,155.67%
漂泊者-女-湮灭,共鸣回路,永夜开明,damage,暗流·普攻第四段伤害,37.13%*3+111.39%
漂泊者-女-湮灭,共鸣回路,永夜开明,damage,暗流·普攻第五段伤害,28.52%*4+114.07%
漂泊者-女-湮灭,共鸣回路,永夜开明,damage,暗流·重击伤害,128.83%
漂泊者-女-湮灭,共鸣回路,永夜开明,damage,暗流·鸣刃伤害,126.65%+9.95%*4
漂泊者-女-湮灭,共鸣回路,永夜开明,damage,暗流·下落攻击伤害,123.27%
漂泊者-女-湮灭,共鸣回路,永夜开明,damage,暗流·闪避反击伤害,316.71%
漂泊者-女-湮灭,共鸣回路,永夜开明,damage,暗流·破命伤害,276.35%*2+9.95%*4
漂泊者-女-湮灭,共鸣解放,临渊死寂,damage,技能伤害,1520.90%
漂泊者-女-湮灭,变奏技能,化刹,damage,技能伤害,198.81%
卜灵,常态攻击,卦起雷动,damage,第一段伤害,20.73%*2
卜灵,常态攻击,卦起雷动,damage,第二段伤害,33.45%*2
卜灵,常态攻击,卦起雷动,damage,第三段伤害,23.51%*2
卜灵,常态攻击,卦起雷动,damage,第四段伤害,93.64%
卜灵,常态攻击,卦起雷动,damage,空中攻击伤害,73.96%
卜灵,常态攻击,卦起雷动,damage,闪避反击伤害,23.51%*2
卜灵,常态攻击,卦起雷动,damage,重击·山雷颐伤害,178.93%
卜灵,常态攻击,卦起雷动,damage,重击·雷山小过伤害,89.47%
卜灵,共鸣技能,遁影牵雷,damage,引雷符伤害,58.40%
卜灵,共鸣技能,遁影牵雷,damage,牵引持续伤害,5.84%*10
卜灵,共鸣回路,雷炁化生,damage,飞雷诀·归一伤害,536.79%
卜灵,共鸣回路,雷炁化生,damage,五雷荡煞阵持续伤害,19.89%
卜灵,共鸣解放,飞雷诀,damage,飞雷诀伤害,357.86%
卜灵,变奏技能,召劾鬼神,damage,技能伤害,131.10%
灯灯,常态攻击,常态攻击: 前路领航,damage,红灯·普攻一段伤害,90.66%
灯灯,常态攻击,常态攻击: 前路领航,damage,红灯·普攻二段伤害,107.66% + 21.54%*5
灯灯,常态攻击,常态攻击: 前路领航,damage,红灯·普攻三段伤害,64.60% + 150.72%
灯灯,常态攻击,常态攻击: 前路领航,damage,红灯·重击伤害,66.11%*2
灯灯,常态攻击,常态攻击: 前路领航,damage,红灯·下落攻击伤害,113.33%
灯灯,常态攻击,常态攻击: 前路领航,damage,红灯·闪避反击伤害,167.30% + 33.46%*5
灯灯,共鸣技能,共鸣技能: 灯光探照,damage,前扑伤害,181.32%
灯灯,共鸣技能,共鸣技能: 灯光探照,damage,后撤伤害,173.76%
灯灯,共鸣回路,共鸣回路: 信号闪耀,damage,强光伤害,81.52%
灯灯,共鸣回路,共鸣回路: 信号闪耀,damage,红灯聚光·普攻一段伤害,120.25%
灯灯,共鸣回路,共鸣回路: 信号闪耀,damage,红灯聚光·普攻二段伤害,138.32% + 27.67%*5
灯灯,共鸣回路,共鸣回路: 信号闪耀,damage,红灯聚光·普攻三段伤害,93.73% + 218.69%
灯灯,共鸣回路,共鸣回路: 信号闪耀,damage,红灯聚光·重击伤害,88.18%*2
灯灯,共鸣回路,共鸣回路: 信号闪耀,damage,强化前扑伤害,183.31%*2
灯灯,共鸣回路,共鸣回路: 信号闪耀,damage,强化后撤伤害,251.70%
灯灯,共鸣回路,共鸣回路: 信号闪耀,damage,强光穿射每段伤害,74.56%
灯灯,共鸣解放,共鸣解放: 啾啾专送,damage,技能伤害,954.29%
灯灯,变奏技能,变奏技能: 专项派送,damage,技能伤害,56.33%*3
秧秧,常态攻击,风羽为刃,damage,第一段伤害,44.73%
秧秧,常态攻击,风羽为刃,damage,第二段伤害,59.64%
秧秧,常态攻击,风羽为刃,damage,第三段伤害,46.81%*2
秧秧,常态攻击,风羽为刃,damage,第四段伤害,59.36%*2+79.15%
秧秧,常态攻击,风羽为刃,damage,重击伤害,19.88%*3
秧秧,常态攻击,风羽为刃,damage,空中攻击伤害,92.44%
秧秧,常态攻击,风羽为刃,damage,风吟伤害,106.61%
秧秧,常态攻击,风羽为刃,damage,闪避反击伤害,87.07%*2
秧秧,共鸣技能,流风载域,damage,技能伤害,34.53%*4+207.19%
秧秧,共鸣回路,覆声裁羽,damage,风袭伤害,38.02%*2
秧秧,共鸣回路,覆声裁羽,damage,释羽伤害,21.73%*5+126.81%*2
秧秧,共鸣解放,朔风旋涌,damage,技能伤害,46.58%*12+372.70%
秧秧,变奏技能,湛蓝礼赞,damage,技能伤害,79.52%*2
釉瑚,常态攻击,霜坠,damage,第一段伤害,47.38%
釉瑚,常态攻击,霜坠,damage,第二段伤害,31.91% + 59.26%
釉瑚,常态攻击,霜坠,damage,第三段伤害,38.06% + 46.52%
釉瑚,常态攻击,霜坠,damage,第四段伤害,116.35%
釉瑚,常态攻击,霜坠,damage,重击·落霜坠伤害,14.45%*6
釉瑚,常态攻击,霜坠,damage,空中攻击伤害,123.27%
釉瑚,常态攻击,霜坠,damage,闪避反击伤害,28.89%*6
釉瑚,共鸣技能,匣中问祯,damage,技能伤害,156.46%
釉瑚,共鸣技能,匣中问祯,damage,编钟伤害,41.05% + 49.85%*3 + 102.62%
釉瑚,共鸣技能,匣中问祯,damage,如意伤害,137.00% + 167.45%
釉瑚,共鸣技能,匣中问祯,damage,鼎伤害,28.57%*6 + 114.28%
釉瑚,共鸣技能,匣中问祯,damage,面具伤害,11.46%*9 + 44.20%
釉瑚,共鸣回路,诗中物,damage,诗中物技能伤害,37.21%*10
釉瑚,共鸣解放,如意卜,damage,技能伤害,327.19%
釉瑚,变奏技能,遂心匣,damage,技能伤害,89.47% + 109.35%
白芷,常态攻击,应许,damage,第一段伤害,65.48%
白芷,常态攻击,应许,damage,第二段伤害,78.57%
白芷,常态攻击,应许,damage,第三段伤害,13.10%*7
白芷,常态攻击,应许,damage,第四段伤害,78.57%
白芷,常态攻击,应许,damage,重击伤害,48.86%
白芷,常态攻击,应许,damage,空中攻击伤害,78.89%
白芷,常态攻击,应许,damage,闪避反击伤害,178.65%
白芷,共鸣技能,应急预案,damage,技能伤害,15.94%生命
白芷,共鸣回路,溯生环复,healing,念意治疗量,63+0.31%生命
白芷,共鸣解放,刹那合弥,damage,频隙回响伤害,4.07%生命
白芷,变奏技能,覆雪流盈,damage,技能伤害,79.53%
炽霞,常态攻击,砰砰,damage,第一段伤害,66.21%
炽霞,常态攻击,砰砰,damage,第二段伤害,48.32%*2
炽霞,常态攻击,砰砰,damage,第三段伤害,33.55%*4
炽霞,常态攻击,砰砰,damage,第四段伤害,232.61%
炽霞,常态攻击,砰砰,damage,重击伤害,35.79%
炽霞,常态攻击,砰砰,damage,满蓄力重击伤害,80.52%
炽霞,常态攻击,砰砰,damage,空中攻击伤害,32.21%
炽霞,常态攻击,砰砰,damage,极限闪避反击伤害,339.97%
炽霞,共鸣技能,咻咻斗意,damage,技能伤害,31.81%*8
炽霞,共鸣回路,英魂炽火流,damage,热压弹伤害,19.89%
炽霞,共鸣回路,英魂炽火流,damage,轰轰伤害,437.39%
炽霞,共鸣解放,炽烈焰火,damage,技能伤害,954.29%+57.84%*11
炽霞,变奏技能,堂堂登场,damage,技能伤害,49.21%*2+24.61%*4
散华,常态攻击,寒光,damage,第一段伤害,48.71%
散华,常态攻击,寒光,damage,第二段伤害,73.76%
散华,常态攻击,寒光,damage,第三段伤害,21.58%*4
散华,常态攻击,寒光,damage,第四段伤害,39.67%*2
散华,常态攻击,寒光,damage,第五段伤害,233.81%
散华,常态攻击,寒光,damage,重击伤害,22.27%*5
散华,常态攻击,寒光,damage,空中攻击伤害,86.29%
散华,常态攻击,寒光,damage,极限闪避反击伤害,167.01%
散华,共鸣技能,朔雪永冻,damage,技能伤害,359.85%
散华,共鸣回路,无明心音,damage,爆裂伤害,186.29%*2
散华,共鸣回路,无明心音,damage,冰川爆炸伤害,139.17%
散华,共鸣回路,无明心音,damage,冰棱爆炸伤害,79.53%
散华,共鸣回路,无明心音,damage,冰棘爆炸伤害,59.65%
散华,共鸣解放,焦瞑冻土,damage,技能伤害,809.48%
散华,变奏技能,凛刺,damage,技能伤害,139.17%
秋水,常态攻击,真假参半,damage,第一段伤害,31.81%
秋水,常态攻击,真假参半,damage,第二段伤害,53.02%
秋水,常态攻击,真假参半,damage,第三段伤害,47.72%*2
秋水,常态攻击,真假参半,damage,第四段伤害,50.37%*2
秋水,常态攻击,真假参半,damage,第五段伤害,179.73%
秋水,常态攻击,真假参半,damage,瞄准伤害,35.79%
秋水,常态攻击,真假参半,damage,瞄准完全蓄力伤害,80.52%
秋水,常态攻击,真假参半,damage,闪避反击伤害,214.12%
秋水,共鸣技能,移位戏法,damage,雾化弹伤害,59.65%
秋水,共鸣回路,雾色掩护,damage,雾化子弹伤害,59.65%
秋水,共鸣解放,雾里观花,damage,技能伤害,397.62%
秋水,变奏技能,虚晃一枪,damage,技能伤害,100.74%*3
丹瑾,常态攻击,执刃,damage,第一段伤害,57.26%
丹瑾,常态攻击,执刃,damage,第二段伤害,58.85%
丹瑾,常态攻击,执刃,damage,第三段伤害,79.53%
丹瑾,常态攻击,执刃,damage,重击伤害,37.12%*3
丹瑾,常态攻击,执刃,damage,空中攻击伤害,98.61%
丹瑾,常态攻击,执刃,damage,极限闪避反击伤害,63.62%*3
丹瑾,共鸣技能,朱华残章,damage,赤华伤害,38.18%*2
丹瑾,共鸣技能,朱华残章,damage,朱蚀一段伤害,64.42%*2
丹瑾,共鸣技能,朱华残章,damage,朱蚀二段伤害,59.65%*2
丹瑾,共鸣技能,朱华残章,damage,烬灭第一段伤害,56.07%*2
丹瑾,共鸣技能,朱华残章,damage,烬灭第二段伤害,42.95%*3
丹瑾,共鸣技能,朱华残章,damage,烬灭第三段伤害,64.42%*3
丹瑾,共鸣回路,丹心昭瑾,damage,缭乱伤害,59.65%*7
丹瑾,共鸣回路,丹心昭瑾,damage,纷落伤害,178.93%
丹瑾,共鸣回路,丹心昭瑾,damage,满能缭乱伤害,143.15%*7
丹瑾,共鸣回路,丹心昭瑾,damage,满能纷落伤害,429.43%
丹瑾,共鸣解放,绯红绽放,damage,连续攻击伤害,49.09%*8
丹瑾,共鸣解放,绯红绽放,damage,绯刹爆发伤害,392.65%
丹瑾,变奏技能,击雠,damage,技能伤害,49.71%*4
莫特斐,常态攻击,即兴发挥,damage,第一段伤害,48.30%
莫特斐,常态攻击,即兴发挥,damage,第二段伤害,40.78%*2
莫特斐,常态攻击,即兴发挥,damage,第三段伤害,107.30%
莫特斐,常态攻击,即兴发挥,damage,第四段伤害,21.02%*4+126.93%
莫特斐,常态攻击,即兴发挥,damage,瞄准伤害,97.70%
莫特斐,常态攻击,即兴发挥,damage,瞄准完全蓄力伤害,167.01%
莫特斐,常态攻击,即兴发挥,damage,空中攻击第一段伤害,23.25%
莫特斐,常态攻击,即兴发挥,damage,空中攻击第二段伤害,23.25%
莫特斐,常态攻击,即兴发挥,damage,闪避反击伤害,194.98%
莫特斐,共鸣技能,激昂变奏,damage,技能伤害,208.76%
莫特斐,共鸣回路,怒火赋格,damage,怒火赋格伤害,326.05%
莫特斐,共鸣解放,暴烈终曲,damage,暴烈终曲技能伤害,159.05%
莫特斐,共鸣解放,暴烈终曲,damage,加强音伤害,31.81%
莫特斐,变奏技能,不协和音,damage,技能伤害,168.99%
渊武,常态攻击,雷煌拳,damage,第一段伤害,49.11%
渊武,常态攻击,雷煌拳,damage,第二段伤害,51.81%*2
渊武,常态攻击,雷煌拳,damage,第三段伤害,21.84%*2+32.76%*2
渊武,常态攻击,雷煌拳,damage,第四段伤害,51.81%*2
渊武,常态攻击,雷煌拳,damage,第五段伤害,49.11%*2+65.48%
渊武,常态攻击,雷煌拳,damage,重击伤害,159.05%
渊武,常态攻击,雷煌拳,damage,空中攻击伤害,98.61%
渊武,常态攻击,雷煌拳,damage,闪避反击伤害,114.52%*2
渊武,共鸣技能,拳震凌武,damage,技能伤害,23.86%防御
渊武,共鸣技能,拳震凌武,damage,雷之楔协同攻击伤害,7.96%防御
渊武,共鸣技能,拳震凌武,damage,雷之楔引爆伤害,59.65%防御
渊武,共鸣技能,拳震凌武,damage,万壑雷伤害,108.54%防御
渊武,共鸣回路,沉雷藏锋,damage,掀雷伤害,39.77%防御
渊武,共鸣回路,沉雷藏锋,damage,雷厉风行普攻第一段伤害,24.56%防御
渊武,共鸣回路,沉雷藏锋,damage,雷厉风行普攻第二段伤害,25.91%*2防御
渊武,共鸣回路,沉雷藏锋,damage,雷厉风行普攻第三段伤害,(10.92%*2+16.38%*2)防御
渊武,共鸣回路,沉雷藏锋,damage,雷厉风行普攻第四段伤害,11.46%*5防御
渊武,共鸣回路,沉雷藏锋,damage,雷厉风行普攻第五段伤害,(16.37%*3+32.74%)防御
渊武,共鸣回路,沉雷藏锋,damage,雷厉风行重击伤害,31.02%防御
渊武,共鸣回路,沉雷藏锋,damage,蹑风追雷伤害,(31.02%+20.68%*2)防御
渊武,共鸣回路,沉雷藏锋,damage,雷厉风行闪避反击伤害,(43.27%+32.45%*2)防御
渊武,共鸣解放,寂土重明,damage,技能伤害,174.96%*2防御
渊武,变奏技能,轰雷,damage,技能伤害,63.62%防御
桃祈,常态攻击,重器藏锋,damage,第一段伤害,90.15%
桃祈,常态攻击,重器藏锋,damage,第二段伤害,84.84%
桃祈,常态攻击,重器藏锋,damage,第三段伤害,111.34%
桃祈,常态攻击,重器藏锋,damage,第四段伤害,270.39%
桃祈,常态攻击,重器藏锋,damage,重击攻击伤害,220.37%
桃祈,常态攻击,重器藏锋,damage,重击时伤害减免,35%
桃祈,常态攻击,重器藏锋,damage,后发制人伤害,78.70%防御
桃祈,常态攻击,重器藏锋,damage,空中攻击伤害,123.27%
桃祈,常态攻击,重器藏锋,damage,闪避反击伤害,248.52%
桃祈,共鸣技能,固若金汤,damage,技能伤害,134.92%防御
桃祈,共鸣回路,攻防转换,damage,御反之隙第一段伤害,86.2%防御
桃祈,共鸣回路,攻防转换,damage,御反之隙第二段伤害,110.93%防御
桃祈,共鸣回路,攻防转换,damage,御反之隙第三段伤害,145.41%防御
桃祈,共鸣解放,不动如山,damage,技能伤害,449.71%防御
桃祈,变奏技能,携攻守阵,damage,技能伤害,208.76%
