status,character,skillType,rowType,officialLabel,baseLabel,baseLv10,officialLv10,multiplierCount,compositeOfficialLabel
empty_base_character,秧秧·玄翎,,,,,,,,
empty_base_character,漂泊者·导电,,,,,,,,
same,陆·赫斯,常态攻击,damage,普攻第一段伤害,普攻第一段伤害,40.56%+40.56%,40.56%+40.56%,20,
same,陆·赫斯,常态攻击,damage,普攻第二段伤害,普攻第二段伤害,60.16%+90.24%,60.16%+90.24%,20,
same,陆·赫斯,常态攻击,damage,普攻第三段伤害,普攻第三段伤害,5.02%*30,5.02%*30,20,
same,陆·赫斯,常态攻击,damage,普攻第四段伤害,普攻第四段伤害,96.33%,96.33%,20,
same,陆·赫斯,常态攻击,damage,重击伤害,重击伤害,91.26%,91.26%,20,
same,陆·赫斯,常态攻击,damage,空中攻击第一段伤害,空中攻击第一段伤害,57.46%,57.46%,20,
same,陆·赫斯,常态攻击,damage,空中攻击第二段·镰刀·剖解伤害,空中攻击第二段·镰刀·剖解伤害,28.23%+28.23%+37.63%,28.23%+28.23%+37.63%,20,
same,陆·赫斯,常态攻击,damage,空中攻击第三段·镰刀·剖解伤害,空中攻击第三段·镰刀·剖解伤害,42.93%+42.93%+57.24%,42.93%+42.93%+57.24%,20,
same,陆·赫斯,常态攻击,damage,空中攻击第二段·镰刀·裁断伤害,空中攻击第二段·镰刀·裁断伤害,50.42%+50.42%,50.42%+50.42%,20,
same,陆·赫斯,常态攻击,damage,空中攻击第三段·镰刀·裁断伤害,空中攻击第三段·镰刀·裁断伤害,74.92%+74.92%,74.92%+74.92%,20,
same,陆·赫斯,常态攻击,damage,空中攻击第四段伤害,空中攻击第四段伤害,104.78%,104.78%,20,
same,陆·赫斯,常态攻击,damage,地面闪避反击伤害,地面闪避反击伤害,125.90%+125.90%,125.90%+125.90%,20,
same,陆·赫斯,常态攻击,damage,空中闪避反击伤害,空中闪避反击伤害,256.87%,256.87%,20,
same,陆·赫斯,共鸣技能,damage,流金回潮伤害,流金回潮伤害,201.20%,201.20%,20,
same,陆·赫斯,共鸣技能,damage,斩杀日冕·环伤害,斩杀日冕·环伤害,26.56%*5+88.53%,26.56%*5+88.53%,20,
same,陆·赫斯,共鸣技能,damage,斩杀日冕·破伤害,斩杀日冕·破伤害,95.91%*3,95.91%*3,20,
same,陆·赫斯,共鸣技能,damage,斩杀日冕·曜伤害,斩杀日冕·曜伤害,354.11%,354.11%,20,
same,陆·赫斯,共鸣技能,damage,普攻·流金贯行伤害,普攻·流金贯行伤害,155.47%,155.47%,20,
same,陆·赫斯,共鸣技能,damage,日髓阵列伤害,日髓阵列伤害,153.45%,153.45%,20,
same,陆·赫斯,共鸣回路,damage,判决大地裂响伤害,判决大地裂响伤害,306.90%,306.90%,20,
unmapped_official,陆·赫斯,共鸣回路,damage,日髓碎刃伤害（每0.15秒）,,,10,,
unmapped_official,陆·赫斯,共鸣解放,damage,技能伤害,,,745.54%+49.71%*5,,
unmapped_official,陆·赫斯,变奏技能,damage,技能伤害,,,72.67%*3,,
same,琳奈,常态攻击,damage,普攻第一段伤害,普攻第一段伤害,86.19%,86.19%,20,
same,琳奈,常态攻击,damage,普攻第二段伤害,普攻第二段伤害,52.39%+52.39%+52.39%,52.39%+52.39%+52.39%,20,
same,琳奈,常态攻击,damage,普攻第三段伤害,普攻第三段伤害,123.37%,123.37%,20,
same,琳奈,常态攻击,damage,闪避反击伤害,闪避反击伤害,239.97%,239.97%,20,
same,琳奈,常态攻击,damage,空中攻击伤害,空中攻击伤害,14.37%+129.28%,14.37%+129.28%,20,
same,琳奈,常态攻击,damage,普攻·灵感碰撞·1级伤害,普攻·灵感碰撞·1级伤害,55.56%*2,55.56%*2,20,
same,琳奈,常态攻击,damage,普攻·灵感碰撞·2级伤害,普攻·灵感碰撞·2级伤害,166.67%*2,166.67%*2,20,
same,琳奈,常态攻击,damage,普攻·灵感碰撞·3级伤害,普攻·灵感碰撞·3级伤害,277.78%*2,277.78%*2,20,
same,琳奈,常态攻击,damage,绮彩巡游·普攻第一段伤害,绮彩巡游·普攻第一段伤害,82.81%,82.81%,20,
same,琳奈,常态攻击,damage,绮彩巡游·普攻第二段伤害,绮彩巡游·普攻第二段伤害,38.87%*2,38.87%*2,20,
same,琳奈,常态攻击,damage,绮彩巡游·普攻第三段伤害,绮彩巡游·普攻第三段伤害,37.75%*3,37.75%*3,20,
same,琳奈,常态攻击,damage,绮彩巡游·普攻第四段伤害,绮彩巡游·普攻第四段伤害,29.75%*2+44.62%+44.62%,29.75%*2+44.62%+44.62%,20,
same,琳奈,常态攻击,damage,绮彩巡游·普攻第五段伤害,绮彩巡游·普攻第五段伤害,75.54%+15.11%*5+100.72%,75.54%+15.11%*5+100.72%,20,
same,琳奈,常态攻击,damage,绮彩巡游·地面重击伤害,绮彩巡游·地面重击伤害,17.63%*7,17.63%*7,20,
same,琳奈,常态攻击,damage,绮彩巡游·跃动集束伤害,绮彩巡游·跃动集束伤害,104.78%,104.78%,20,
same,琳奈,常态攻击,damage,绮彩巡游·空中攻击伤害,绮彩巡游·空中攻击伤害,14.37%+129.28%,14.37%+129.28%,20,
same,琳奈,常态攻击,damage,绮彩巡游·空中重击伤害,绮彩巡游·空中重击伤害,34.77%*7,34.77%*7,20,
same,琳奈,共鸣技能,damage,琳奈式创想伤害,琳奈式创想伤害,139.31%+46.44%*3,139.31%+46.44%*3,20,
same,琳奈,共鸣技能,damage,加色混合伤害,加色混合伤害,116.31%*2,116.31%*2,20,
same,琳奈,共鸣回路,damage,普攻·虹彩飞溅伤害,普攻·虹彩飞溅伤害,304.18%,304.18%,20,
same,琳奈,共鸣回路,damage,普攻·视觉冲击伤害,普攻·视觉冲击伤害,1216.72%,1216.72%,20,
same,琳奈,共鸣回路,damage,震谐响应·光谱解析伤害,震谐响应·光谱解析伤害,1880.75%,1880.75%,20,
same,琳奈,共鸣解放,damage,爆炸喷涂伤害,爆炸喷涂伤害,87.48%*10,87.48%*10,20,
same,琳奈,共鸣解放,damage,普攻·向着多彩的明天！伤害,普攻·向着多彩的明天！伤害,8.38%*12+10.05%*10,8.38%*12+10.05%*10,20,
same,琳奈,变奏技能,damage,来点儿颜色瞧瞧！伤害,来点儿颜色瞧瞧！伤害,22.48%*10,22.48%*10,20,
same,洛瑟菈,常态攻击,damage,普攻第一段伤害,普攻第一段伤害,59.29%,59.29%,20,
same,洛瑟菈,常态攻击,damage,普攻第二段伤害,普攻第二段伤害,26.89%+40.34%,26.89%+40.34%,20,
same,洛瑟菈,常态攻击,damage,普攻第三段·乏善可陈伤害,普攻第三段·乏善可陈伤害,159.55%,159.55%,20,
same,洛瑟菈,常态攻击,damage,普攻第三段·可圈可点伤害,普攻第三段·可圈可点伤害,235.27%,235.27%,20,
same,洛瑟菈,常态攻击,damage,空中攻击伤害,空中攻击伤害,86.29%,86.29%,20,
same,洛瑟菈,常态攻击,damage,闪避反击伤害,闪避反击伤害,67.83%+82.90%,67.83%+82.90%,20,
same,洛瑟菈,共鸣技能,damage,幻象定帧伤害,幻象定帧伤害,13.26%*3,13.26%*3,20,
same,洛瑟菈,共鸣技能,damage,补光伤害,补光伤害,249.07%,249.07%,20,
same,洛瑟菈,共鸣技能,damage,追光伤害,追光伤害,82.35%+82.35%+274.48%+109.80%,82.35%+82.35%+274.48%+109.80%,20,
same,洛瑟菈,共鸣回路,damage,遗忘伤害,遗忘伤害,285.48%,285.48%,20,
same,洛瑟菈,共鸣解放,damage,历历在目伤害,历历在目伤害,142.74%,142.74%,20,
same,洛瑟菈,共鸣解放,damage,普攻·溯念留形第一段伤害,普攻·溯念留形第一段伤害,30.64%+45.95%,30.64%+45.95%,20,
same,洛瑟菈,共鸣解放,damage,普攻·溯念留形第二段伤害,普攻·溯念留形第二段伤害,59.77%+89.65%,59.77%+89.65%,20,
same,洛瑟菈,共鸣解放,damage,普攻·溯念留形第三段伤害,普攻·溯念留形第三段伤害,52.12%*8,52.12%*8,20,
same,洛瑟菈,共鸣解放,damage,断舍离伤害,断舍离伤害,84.81%*3+593.64%,84.81%*3+593.64%,20,
same,洛瑟菈,共鸣解放,damage,空中攻击·追忆伤害,空中攻击·追忆伤害,110.94%,110.94%,20,
same,洛瑟菈,共鸣解放,damage,闪避反击·追忆伤害,闪避反击·追忆伤害,115.55%+141.22%,115.55%+141.22%,20,
same,洛瑟菈,变奏技能,damage,剪辑伤害,剪辑伤害,97.42%,97.42%,20,
same,洛瑟菈,变奏技能,damage,剪辑·硬切伤害,剪辑·硬切伤害,149.41%,149.41%,20,
same,露西,常态攻击,damage,普攻第一段伤害,普攻第一段伤害,12.15%*6+48.59%,12.15%*6+48.59%,20,
same,露西,常态攻击,damage,普攻第二段伤害,普攻第二段伤害,20.66%+20.05%*2,20.66%+20.05%*2,20,
same,露西,常态攻击,damage,普攻第三段伤害,普攻第三段伤害,36.06%+36.06%+48.08%,36.06%+36.06%+48.08%,20,
same,露西,常态攻击,damage,普攻第四段伤害,普攻第四段伤害,31.02%+15.51%*3+38.77%+38.77%,31.02%+15.51%*3+38.77%+38.77%,20,
same,露西,常态攻击,damage,重击第一段伤害,重击第一段伤害,22.10%+22.10%+29.47%,22.10%+22.10%+29.47%,20,
same,露西,常态攻击,damage,重击第二段伤害,重击第二段伤害,56.86%*2+18.96%*3+56.86%+56.86%,56.86%*2+18.96%*3+56.86%+56.86%,20,
same,露西,常态攻击,damage,空中攻击伤害,空中攻击伤害,58.16%+58.16%,58.16%+58.16%,20,
same,露西,常态攻击,damage,闪避反击伤害,闪避反击伤害,59.32%+79.09%+59.32%,59.32%+79.09%+59.32%,20,
same,露西,常态攻击,damage,空中攻击·算法压缩伤害,空中攻击·算法压缩伤害,62.63%+62.63%,62.63%+62.63%,20,
same,露西,常态攻击,damage,闪避反击·算法压缩伤害,闪避反击·算法压缩伤害,38.97%+38.97%+38.97%+38.97%+38.97%,38.97%+38.97%+38.97%+38.97%+38.97%,20,
same,露西,常态攻击,damage,普攻·线程撕裂第一段伤害,普攻·线程撕裂第一段伤害,19.49%+19.49%+19.49%+19.49%,19.49%+19.49%+19.49%+19.49%,20,
same,露西,常态攻击,damage,普攻·线程撕裂第二段伤害,普攻·线程撕裂第二段伤害,22.27%+22.27%+22.27%+22.27%+22.27%,22.27%+22.27%+22.27%+22.27%+22.27%,20,
same,露西,常态攻击,damage,普攻·线程撕裂第三段伤害,普攻·线程撕裂第三段伤害,28.12%+28.12%+28.12%+28.12%+28.12%,28.12%+28.12%+28.12%+28.12%+28.12%,20,
same,露西,常态攻击,damage,普攻·线程撕裂第四段伤害,普攻·线程撕裂第四段伤害,25.06%+25.06%+25.06%+25.06%+25.06%,25.06%+25.06%+25.06%+25.06%+25.06%,20,
same,露西,常态攻击,damage,重击·单线程伤害,重击·单线程伤害,23.39%+23.39%+23.39%+23.39%+23.39%,23.39%+23.39%+23.39%+23.39%+23.39%,20,
same,露西,常态攻击,damage,重击·双线程伤害,重击·双线程伤害,33.41%+33.41%+33.41%+33.41%+33.41%,33.41%+33.41%+33.41%+33.41%+33.41%,20,
same,露西,常态攻击,damage,重击·多线程伤害,重击·多线程伤害,59.65%+59.65%*3,59.65%+59.65%*3,20,
same,露西,共鸣技能,damage,共鸣技能·有效载荷突进攻击伤害,共鸣技能·有效载荷突进攻击伤害,20.05%+10.03%,20.05%+10.03%,20,
same,露西,共鸣技能,damage,共鸣技能·有效载荷追加攻击伤害,共鸣技能·有效载荷追加攻击伤害,40.09%+10.03%+20.05%,40.09%+10.03%+20.05%,20,
same,露西,共鸣技能,damage,共鸣技能·脉冲干扰伤害,共鸣技能·脉冲干扰伤害,30.86%*2+61.72%*3+61.72%,30.86%*2+61.72%*3+61.72%,20,
same,露西,共鸣技能,damage,共鸣技能·死锁伤害,共鸣技能·死锁伤害,51.70%+206.77%,51.70%+206.77%,20,
equivalent,露西,共鸣回路,damage,骇破响应·数据崩解伤害,骇破响应·数据崩解伤害,1094.19%+68.39%*4,1094.19%+68.39%*4偏谐系数,20,
same,露西,共鸣解放,damage,共鸣解放·网络行者·覆写篡改伤害,共鸣解放·网络行者·覆写篡改伤害,894.65%,894.65%,20,
same,露西,共鸣解放,damage,欺骗程式·集群入侵伤害,欺骗程式·集群入侵伤害,79.53%,79.53%,20,
same,露西,共鸣解放,damage,欺骗程式·突触熔融伤害,欺骗程式·突触熔融伤害,79.53%,79.53%,20,
equivalent,露西,共鸣解放,damage,欺骗程式·运动失能伤害,欺骗程式·运动失能伤害,911.83%,911.83%偏谐系数,20,
same,露西,共鸣解放,damage,共鸣解放·暗网深潜·覆写篡改伤害,共鸣解放·暗网深潜·覆写篡改伤害,1789.29%,1789.29%,20,
same,露西,变奏技能,damage,变奏技能·过时幻觉伤害,变奏技能·过时幻觉伤害,69.14%+69.14%,69.14%+69.14%,20,
same,丽贝卡,常态攻击,damage,普攻·猎手第一段伤害,普攻·猎手第一段伤害,36.76%+36.76%,36.76%+36.76%,20,
same,丽贝卡,常态攻击,damage,普攻·猎手第二段伤害,普攻·猎手第二段伤害,19.13%*4+19.13%,19.13%*4+19.13%,20,
same,丽贝卡,常态攻击,damage,普攻·猎手第三段伤害,普攻·猎手第三段伤害,109.85%,109.85%,20,
same,丽贝卡,常态攻击,damage,重击·猎手伤害,重击·猎手伤害,16.90%+16.90%,16.90%+16.90%,20,
same,丽贝卡,常态攻击,damage,重击·吃枪子吧！·猎手伤害,重击·吃枪子吧！·猎手伤害,60.84%+60.84%,60.84%+60.84%,20,
same,丽贝卡,常态攻击,damage,空中攻击·猎手伤害,空中攻击·猎手伤害,136.04%,136.04%,20,
same,丽贝卡,常态攻击,damage,闪避反击·猎手伤害,闪避反击·猎手伤害,211.24%,211.24%,20,
same,丽贝卡,常态攻击,damage,战术闪避·猎手伤害,战术闪避·猎手伤害,16.90%*4+16.90%,16.90%*4+16.90%,20,
same,丽贝卡,常态攻击,damage,战术闪避·猎手闪避成功伤害,战术闪避·猎手闪避成功伤害,148.71%,148.71%,20,
same,丽贝卡,常态攻击,damage,普攻·铁胆第一段伤害,普攻·铁胆第一段伤害,61.69%+61.69%,61.69%+61.69%,20,
same,丽贝卡,常态攻击,damage,普攻·铁胆第二段伤害,普攻·铁胆第二段伤害,84.50%,84.50%,20,
same,丽贝卡,常态攻击,damage,普攻·铁胆第三段伤害,普攻·铁胆第三段伤害,33.77%+33.77%+157.57%,33.77%+33.77%+157.57%,20,
same,丽贝卡,常态攻击,damage,重击·铁胆伤害,重击·铁胆伤害,202.79%,202.79%,20,
same,丽贝卡,常态攻击,damage,空中攻击·铁胆伤害,空中攻击·铁胆伤害,104.78%,104.78%,20,
same,丽贝卡,常态攻击,damage,闪避反击·铁胆伤害,闪避反击·铁胆伤害,258.56%,258.56%,20,
same,丽贝卡,常态攻击,damage,战术闪避·铁胆伤害,战术闪避·铁胆伤害,101.40%,101.40%,20,
same,丽贝卡,常态攻击,damage,战术闪避·铁胆闪避成功伤害,战术闪避·铁胆闪避成功伤害,148.71%,148.71%,20,
same,丽贝卡,共鸣技能,damage,共鸣技能·来发大的！伤害,共鸣技能·来发大的！伤害,23.66%+23.66%+23.66%+23.66%+35.49%+35.49%+35.49%+35.49%,23.66%+23.66%+23.66%+23.66%+35.49%+35.49%+35.49%+35.49%,20,
same,丽贝卡,共鸣技能,damage,共鸣技能·有本事来抓我！伤害,共鸣技能·有本事来抓我！伤害,23.66%+4.74%+23.66%+23.66%+137.22%+11.83%+11.83%,23.66%+4.74%+23.66%+23.66%+137.22%+11.83%+11.83%,20,
equivalent,丽贝卡,共鸣回路,damage,骇破响应·熔触伤害,骇破响应·熔触伤害,2358.89%,2358.89%偏谐系数,20,
same,丽贝卡,共鸣回路,damage,哒哒哒！·猎手伤害,哒哒哒！·猎手伤害,19.89%+19.89%+19.89%+318.10%+19.89%,19.89%+19.89%+19.89%+318.10%+19.89%,20,
same,丽贝卡,共鸣回路,damage,砰砰砰！·铁胆伤害,砰砰砰！·铁胆伤害,278.34%,278.34%,20,
same,丽贝卡,共鸣解放,damage,【31型重机枪】伤害,【31型重机枪】伤害,24.30%,24.30%,20,
same,丽贝卡,共鸣解放,damage,【31型重机枪】威力提升1次伤害,【31型重机枪】威力提升1次伤害,48.60%,48.60%,20,
same,丽贝卡,共鸣解放,damage,【31型重机枪】威力提升2次伤害,【31型重机枪】威力提升2次伤害,72.90%,72.90%,20,
same,丽贝卡,共鸣解放,damage,大烟花！伤害,大烟花！伤害,63.62%+572.58%,63.62%+572.58%,20,
same,丽贝卡,变奏技能,damage,呜呼，来发大的！伤害,呜呼，来发大的！伤害,27.04%+27.04%+27.04%+27.04%+27.04%+27.04%+40.56%+67.60%,27.04%+27.04%+27.04%+27.04%+27.04%+27.04%+40.56%+67.60%,20,
same,丽贝卡,变奏技能,damage,蠢货，有本事来抓我！伤害,蠢货，有本事来抓我！伤害,10.14%+30.42%+40.56%+40.56%+40.56%+40.56%,10.14%+30.42%+40.56%+40.56%+40.56%+40.56%,20,
same,达妮娅,常态攻击,damage,普攻·布景之形第一段伤害,普攻·布景之形第一段伤害,32.69%,32.69%,20,
same,达妮娅,常态攻击,damage,普攻·布景之形第二段伤害,普攻·布景之形第二段伤害,30.18%*2,30.18%*2,20,
same,达妮娅,常态攻击,damage,普攻·布景之形第三段伤害,普攻·布景之形第三段伤害,25.49%*3,25.49%*3,20,
same,达妮娅,常态攻击,damage,普攻·布景之形第四段伤害,普攻·布景之形第四段伤害,128.00%,128.00%,20,
same,达妮娅,常态攻击,damage,重击·布景之形伤害,重击·布景之形伤害,80.76%*2,80.76%*2,20,
same,达妮娅,常态攻击,damage,空中攻击·布景之形伤害,空中攻击·布景之形伤害,29.59%+44.38%,29.59%+44.38%,20,
same,达妮娅,常态攻击,damage,闪避反击·布景之形伤害,闪避反击·布景之形伤害,49.35%*3,49.35%*3,20,
same,达妮娅,常态攻击,damage,普攻·幻灭之形第一段伤害,普攻·幻灭之形第一段伤害,36.51%,36.51%,20,
same,达妮娅,常态攻击,damage,普攻·幻灭之形第二段伤害,普攻·幻灭之形第二段伤害,37.51%+14.07%*4,37.51%+14.07%*4,20,
same,达妮娅,常态攻击,damage,普攻·幻灭之形第三段伤害,普攻·幻灭之形第三段伤害,62.39%,62.39%,20,
same,达妮娅,常态攻击,damage,普攻·幻灭之形第四段伤害,普攻·幻灭之形第四段伤害,35.54%+82.92%,35.54%+82.92%,20,
same,达妮娅,常态攻击,damage,重击·幻灭之形伤害,重击·幻灭之形伤害,137.06%,137.06%,20,
same,达妮娅,常态攻击,damage,空中攻击·幻灭之形第一段伤害,空中攻击·幻灭之形第一段伤害,36.51%,36.51%,20,
same,达妮娅,常态攻击,damage,空中攻击·幻灭之形第二段伤害,空中攻击·幻灭之形第二段伤害,37.51%+14.07%*4,37.51%+14.07%*4,20,
same,达妮娅,常态攻击,damage,空中攻击·幻灭之形第三段伤害,空中攻击·幻灭之形第三段伤害,62.39%,62.39%,20,
same,达妮娅,常态攻击,damage,空中攻击·幻灭之形第四段伤害,空中攻击·幻灭之形第四段伤害,35.54%+82.92%,35.54%+82.92%,20,
same,达妮娅,常态攻击,damage,空中重击·幻灭之形伤害,空中重击·幻灭之形伤害,29.59%+44.38%,29.59%+44.38%,20,
same,达妮娅,常态攻击,damage,闪避反击·幻灭之形伤害,闪避反击·幻灭之形伤害,108.08%,108.08%,20,
same,达妮娅,共鸣技能,damage,拟态泡泡·布景之形伤害,拟态泡泡·布景之形伤害,17.42%*3+52.25%,17.42%*3+52.25%,20,
same,达妮娅,共鸣技能,damage,轻唤·幻灭之形伤害,轻唤·幻灭之形伤害,31.10%+14.52%*5,31.10%+14.52%*5,20,
same,达妮娅,共鸣技能,damage,放逐·幻灭之形第一段伤害,放逐·幻灭之形第一段伤害,34.68%*3,34.68%*3,20,
same,达妮娅,共鸣技能,damage,放逐·幻灭之形第二段伤害,放逐·幻灭之形第二段伤害,112.01%,112.01%,20,
same,达妮娅,共鸣回路,damage,蚀域每次伤害,蚀域每次伤害,136.33%,136.33%,20,
same,达妮娅,共鸣解放,damage,帷幕终景·布景之形伤害,帷幕终景·布景之形伤害,397.62%,397.62%,20,
same,达妮娅,共鸣解放,damage,帷幕终景·幻灭之形伤害,帷幕终景·幻灭之形伤害,198.81%*4,198.81%*4,20,
same,达妮娅,变奏技能,damage,久疏问候！伤害,久疏问候！伤害,104.62%,104.62%,20,
same,达妮娅,变奏技能,damage,轻叩门扉伤害,轻叩门扉伤害,51.74%*3,51.74%*3,20,
same,绯雪,常态攻击,damage,普攻·常世身第一段伤害,普攻·常世身第一段伤害,37.72%+37.72%,37.72%+37.72%,20,
same,绯雪,常态攻击,damage,普攻·常世身第二段伤害,普攻·常世身第二段伤害,90.25%,90.25%,20,
same,绯雪,常态攻击,damage,普攻·常世身第三段伤害,普攻·常世身第三段伤害,4.92%*5+98.37%,4.92%*5+98.37%,20,
same,绯雪,常态攻击,damage,重击·寒簇·常世身伤害,重击·寒簇·常世身伤害,79.31%*2+158.61%,79.31%*2+158.61%,20,
same,绯雪,常态攻击,damage,空中攻击·常世身伤害,空中攻击·常世身伤害,128.18%,128.18%,20,
same,绯雪,常态攻击,damage,闪避反击·常世身伤害,闪避反击·常世身伤害,173.75%,173.75%,20,
same,绯雪,常态攻击,damage,普攻·预求身第一段伤害,普攻·预求身第一段伤害,49.27%,49.27%,20,
same,绯雪,常态攻击,damage,普攻·预求身第二段伤害,普攻·预求身第二段伤害,40.02%+40.02%,40.02%+40.02%,20,
same,绯雪,常态攻击,damage,普攻·预求身第三段伤害,普攻·预求身第三段伤害,25.16%*4+67.08%,25.16%*4+67.08%,20,
same,绯雪,常态攻击,damage,普攻·预求身第四段伤害,普攻·预求身第四段伤害,29.93%+29.93%+29.93%+29.93%+29.93%,29.93%+29.93%+29.93%+29.93%+29.93%,20,
same,绯雪,常态攻击,damage,普攻·预求身第五段伤害,普攻·预求身第五段伤害,12.17%+109.47%,12.17%+109.47%,20,
same,绯雪,常态攻击,damage,重击·预求身伤害,重击·预求身伤害,107.16%,107.16%,20,
same,绯雪,常态攻击,damage,重击·枯霜·预求身伤害,重击·枯霜·预求身伤害,15.41%*8+493.05%,15.41%*8+493.05%,20,
same,绯雪,常态攻击,damage,空中攻击·预求身第一段伤害,空中攻击·预求身第一段伤害,28.83%+28.83%+38.43%,28.83%+28.83%+38.43%,20,
same,绯雪,常态攻击,damage,空中攻击·预求身第二段伤害,空中攻击·预求身第二段伤害,26.09%+26.09%+26.09%+26.09%,26.09%+26.09%+26.09%+26.09%,20,
same,绯雪,常态攻击,damage,空中下落攻击·预求身伤害,空中下落攻击·预求身伤害,111.60%,111.60%,20,
same,绯雪,常态攻击,damage,闪避反击·预求身伤害,闪避反击·预求身伤害,81.77%+81.77%,81.77%+81.77%,20,
same,绯雪,共鸣技能,damage,共鸣技能·常世身伤害,共鸣技能·常世身伤害,24.50%*4+97.98%,24.50%*4+97.98%,20,
same,绯雪,共鸣技能,damage,霜罚·白玉切伤害,霜罚·白玉切伤害,66.01%*4,66.01%*4,20,
same,绯雪,共鸣技能,damage,霜罚·落华伤害,霜罚·落华伤害,64.02%*4+64.02%,64.02%*4+64.02%,20,
same,绯雪,共鸣回路,damage,普攻·居合伤害,普攻·居合伤害,283.82%+47.31%*4,283.82%+47.31%*4,20,
same,绯雪,共鸣解放,damage,预求我身·见心伤害,预求我身·见心伤害,397.62%,397.62%,20,
same,绯雪,共鸣解放,damage,预求我身·归刃基础伤害,预求我身·归刃基础伤害,198.81%+795.24%,198.81%+795.24%,20,
same,绯雪,共鸣解放,damage,每点【锻雪·归刃】共增加预求我身·归刃伤害,每点【锻雪·归刃】共增加预求我身·归刃伤害,795.24%,795.24%,20,
unmapped_official,绯雪,变奏技能,damage,技能伤害,,,156.15%,,
same,西格莉卡,常态攻击,damage,普攻第一段伤害,普攻第一段伤害,52.97%,52.97%,20,
same,西格莉卡,常态攻击,damage,普攻第二段伤害,普攻第二段伤害,50.34%+50.34%,50.34%+50.34%,20,
same,西格莉卡,常态攻击,damage,普攻第三段伤害,普攻第三段伤害,33.41%+33.41%+44.54%,33.41%+33.41%+44.54%,20,
same,西格莉卡,常态攻击,damage,普攻第四段伤害,普攻第四段伤害,41.36%+51.70%+51.70%+62.03%,41.36%+51.70%+51.70%+62.03%,20,
same,西格莉卡,常态攻击,damage,普攻·明悟伤害,普攻·明悟伤害,61.56%*3+123.11%,61.56%*3+123.11%,20,
same,西格莉卡,常态攻击,damage,重击伤害,重击伤害,58.14%*2,58.14%*2,20,
same,西格莉卡,常态攻击,damage,空中攻击伤害,空中攻击伤害,104.78%,104.78%,20,
same,西格莉卡,常态攻击,damage,闪避反击伤害,闪避反击伤害,65.91%+65.91%+87.88%,65.91%+65.91%+87.88%,20,
same,西格莉卡,常态攻击,damage,空中闪避反击伤害,空中闪避反击伤害,206.17%,206.17%,20,
same,西格莉卡,常态攻击,damage,闪避反击·解读伤害,闪避反击·解读伤害,61.56%*3+123.11%,61.56%*3+123.11%,20,
same,西格莉卡,共鸣技能,damage,嘭嘭！伤害,嘭嘭！伤害,28.63%+28.63%+28.63%+57.26%,28.63%+28.63%+28.63%+57.26%,20,
same,西格莉卡,共鸣技能,damage,大嘭嘭！伤害,大嘭嘭！伤害,28.81%*4+172.85%,28.81%*4+172.85%,20,
same,西格莉卡,共鸣技能,damage,日灵帮帮忙伤害,日灵帮帮忙伤害,27.83%*3+194.77%,27.83%*3+194.77%,20,
same,西格莉卡,共鸣回路,damage,重击·符语本源伤害,重击·符语本源伤害,132.51%,132.51%,20,
same,西格莉卡,共鸣回路,damage,符语爆破伤害,符语爆破伤害,117.67%+205.92%+264.75%,117.67%+205.92%+264.75%,20,
same,西格莉卡,共鸣回路,damage,符语链刃伤害,符语链刃伤害,49.70%*4+66.26%*3,49.70%*4+66.26%*3,20,
same,西格莉卡,共鸣回路,damage,符语日灵伤害,符语日灵伤害,39.76%+59.63%*4+119.26%,39.76%+59.63%*4+119.26%,20,
same,西格莉卡,共鸣回路,damage,共鸣回路·我即语义伤害,共鸣回路·我即语义伤害,302.87%+908.61%,302.87%+908.61%,20,
unmapped_official,西格莉卡,共鸣解放,damage,技能伤害,,,861.43%,,
unmapped_official,西格莉卡,变奏技能,damage,技能伤害,,,163.42%,,
same,爱弥斯,常态攻击,damage,普攻·爱弥斯第一段伤害,普攻·爱弥斯第一段伤害,46.35%,46.35%,20,
same,爱弥斯,常态攻击,damage,普攻·爱弥斯第二段伤害,普攻·爱弥斯第二段伤害,13.89%+20.84%+34.73%,13.89%+20.84%+34.73%,20,
same,爱弥斯,常态攻击,damage,普攻·爱弥斯第三段伤害,普攻·爱弥斯第三段伤害,9.32%*3+18.63%+46.56%,9.32%*3+18.63%+46.56%,20,
same,爱弥斯,常态攻击,damage,普攻·爱弥斯第四段伤害,普攻·爱弥斯第四段伤害,6.73%*5+100.94%,6.73%*5+100.94%,20,
same,爱弥斯,常态攻击,damage,重击·爱弥斯·一段蓄力伤害,重击·爱弥斯·一段蓄力伤害,18.57%+74.26%,18.57%+74.26%,20,
same,爱弥斯,常态攻击,damage,重击·爱弥斯·二段蓄力伤害,重击·爱弥斯·二段蓄力伤害,11.60%*4+185.60%,11.60%*4+185.60%,20,
same,爱弥斯,常态攻击,damage,空中攻击·爱弥斯伤害,空中攻击·爱弥斯伤害,86.29%,86.29%,20,
same,爱弥斯,常态攻击,damage,闪避反击·爱弥斯伤害,闪避反击·爱弥斯伤害,26.02%*3+52.03%+130.06%,26.02%*3+52.03%+130.06%,20,
same,爱弥斯,共鸣技能,damage,合击·突刺·兵装融合伤害,合击·突刺·兵装融合伤害,26.92%+40.38%+67.29%,26.92%+40.38%+67.29%,20,
same,爱弥斯,共鸣技能,damage,合击·突刺·启明之音伤害,合击·突刺·启明之音伤害,16.33%*3+114.28%,16.33%*3+114.28%,20,
same,爱弥斯,共鸣技能,damage,普攻·机兵第一段伤害,普攻·机兵第一段伤害,23.20%*3,23.20%*3,20,
same,爱弥斯,共鸣技能,damage,普攻·机兵第二段伤害,普攻·机兵第二段伤害,18.57%+74.26%,18.57%+74.26%,20,
same,爱弥斯,共鸣技能,damage,普攻·机兵第三段伤害,普攻·机兵第三段伤害,3.89%*6+81.54%+11.65%,3.89%*6+81.54%+11.65%,20,
same,爱弥斯,共鸣技能,damage,普攻·机兵第四段伤害,普攻·机兵第四段伤害,40.38%+94.21%,40.38%+94.21%,20,
same,爱弥斯,共鸣技能,damage,重击·机兵·一段蓄力伤害,重击·机兵·一段蓄力伤害,92.83%,92.83%,20,
same,爱弥斯,共鸣技能,damage,重击·机兵·二段蓄力伤害,重击·机兵·二段蓄力伤害,232.00%,232.00%,20,
same,爱弥斯,共鸣技能,damage,空中攻击·机兵伤害,空中攻击·机兵伤害,73.35%+4.32%*3,73.35%+4.32%*3,20,
same,爱弥斯,共鸣技能,damage,闪避反击·机兵伤害,闪避反击·机兵伤害,9.45%*6+198.44%+28.35%,9.45%*6+198.44%+28.35%,20,
same,爱弥斯,共鸣回路,damage,光翼共奏·登台伤害,光翼共奏·登台伤害,17.90%*4+35.79%*3+178.93%,17.90%*4+35.79%*3+178.93%,20,
same,爱弥斯,共鸣回路,damage,光翼共奏·降临伤害,光翼共奏·降临伤害,17.90%+14.92%*6+23.86%*3+59.65%*3,17.90%+14.92%*6+23.86%*3+59.65%*3,20,
same,爱弥斯,共鸣回路,damage,震谐响应·星爆伤害,震谐响应·星爆伤害,596.43%,596.43%,20,
same,爱弥斯,共鸣回路,damage,光翼共奏追加伤害（每次）,光翼共奏追加伤害（每次）,109.35%,109.35%,20,
same,爱弥斯,共鸣解放,damage,星辉破界而来·过载伤害,星辉破界而来·过载伤害,200.80%+267.74%*3,200.80%+267.74%*3,20,
same,爱弥斯,共鸣解放,damage,星辉破界而来·终结伤害,星辉破界而来·终结伤害,1789.29%,1789.29%,20,
same,爱弥斯,变奏技能,damage,以旋律穿越长空伤害,以旋律穿越长空伤害,13.46%*2+107.66%,13.46%*2+107.66%,20,
same,爱弥斯,变奏技能,damage,携星辉降临于此伤害,携星辉降临于此伤害,65.30%+97.95%,65.30%+97.95%,20,
same,莫宁,常态攻击,damage,普攻第一段伤害,普攻第一段伤害,22.27%+16.71%*2,22.27%+16.71%*2,20,
same,莫宁,常态攻击,damage,普攻第二段伤害,普攻第二段伤害,23.86%+23.86%+17.90%*4,23.86%+23.86%+17.90%*4,20,
same,莫宁,常态攻击,damage,普攻第三段伤害,普攻第三段伤害,41.36%+10.34%*6,41.36%+10.34%*6,20,
same,莫宁,常态攻击,damage,普攻第四段伤害,普攻第四段伤害,135.20%,135.20%,20,
same,莫宁,常态攻击,damage,普攻·广域观测模式第一段伤害,普攻·广域观测模式第一段伤害,13.92%*4,13.92%*4,20,
same,莫宁,常态攻击,damage,普攻·广域观测模式第二段伤害,普攻·广域观测模式第二段伤害,25.85%*4,25.85%*4,20,
same,莫宁,常态攻击,damage,普攻·广域观测模式第三段伤害,普攻·广域观测模式第三段伤害,9.31%*4+33.09%*2,9.31%*4+33.09%*2,20,
same,莫宁,常态攻击,damage,重击伤害,重击伤害,11.10%+11.10%+14.80%,11.10%+11.10%+14.80%,20,
same,莫宁,常态攻击,damage,空中攻击伤害,空中攻击伤害,98.61%,98.61%,20,
same,莫宁,常态攻击,damage,闪避反击伤害,闪避反击伤害,162.23%,162.23%,20,
same,莫宁,常态攻击,damage,闪避反击·广域观测模式伤害,闪避反击·广域观测模式伤害,25.85%*4,25.85%*4,20,
same,莫宁,共鸣技能,damage,最优求解伤害,最优求解伤害,179.73%,179.73%,20,
same,莫宁,共鸣技能,damage,分布式阵列伤害,分布式阵列伤害,39.77%*4,39.77%*4,20,
same,莫宁,共鸣技能,healing,分布式阵列治疗量,分布式阵列治疗量,427+113.40%,427+113.40%,20,
same,莫宁,共鸣技能,healing,期望误差治疗量,期望误差治疗量,94+24.94%,94+24.94%,20,
same,莫宁,共鸣回路,damage,谐振场伤害,谐振场伤害,39.77%*5,39.77%*5,20,
same,莫宁,共鸣回路,damage,重击·位势转换伤害,重击·位势转换伤害,44.14%+99.02%,44.14%+99.02%,20,
same,莫宁,共鸣回路,damage,重击·反演伤害,重击·反演伤害,258.46%,258.46%,20,
same,莫宁,共鸣回路,damage,震谐响应·粒子射流伤害,震谐响应·粒子射流伤害,298.22%,298.22%,20,
same,莫宁,共鸣回路,healing,谐振场治疗量,谐振场治疗量,76+20.24%,76+20.24%,20,
unmapped_official,莫宁,共鸣解放,damage,技能伤害,,,522.33%,,
unmapped_official,莫宁,变奏技能,damage,技能伤害,,,202.79%,,
same,千咲,常态攻击,damage,第一段伤害,第一段伤害,16.71%*2,16.71%*2,20,
same,千咲,常态攻击,damage,第二段伤害,第二段伤害,9.55%+19.09%+66.81%,9.55%+19.09%+66.81%,20,
same,千咲,常态攻击,damage,断命之铗伤害,断命之铗伤害,29.81%+14.91%+104.34%,29.81%+14.91%+104.34%,20,
same,千咲,常态攻击,damage,断命之铗额外伤害,断命之铗额外伤害,47.78%,47.78%,20,
same,千咲,常态攻击,damage,撤弦伤害,撤弦伤害,10.15%*2+47.35%,10.15%*2+47.35%,20,
same,千咲,常态攻击,damage,纷裂贯穿伤害,纷裂贯穿伤害,15.11%*4+90.66%,15.11%*4+90.66%,20,
same,千咲,常态攻击,damage,重击伤害,重击伤害,35.79%*2,35.79%*2,20,
same,千咲,常态攻击,damage,空中攻击伤害,空中攻击伤害,73.96%,73.96%,20,
same,千咲,常态攻击,damage,碎响切面伤害,碎响切面伤害,44.74%*2,44.74%*2,20,
same,千咲,常态攻击,damage,垂落终焉伤害,垂落终焉伤害,11.93%+23.86%*2+59.65%,11.93%+23.86%*2+59.65%,20,
same,千咲,常态攻击,damage,闪避反击伤害,闪避反击伤害,23.86%+47.72%+167.01%,23.86%+47.72%+167.01%,20,
same,千咲,常态攻击,damage,解弦之眼·收弦伤害,解弦之眼·收弦伤害,178.93%,178.93%,20,
same,千咲,常态攻击,healing,断命之铗治疗量,断命之铗治疗量,1140+50.40%,1140+50.40%,20,
same,千咲,共鸣技能,damage,解弦之眼伤害,解弦之眼伤害,35.79%,35.79%,20,
same,千咲,共鸣技能,damage,齿轨轮回伤害,齿轨轮回伤害,17.45%*8,17.45%*8,20,
same,千咲,共鸣技能,damage,齿轨轮回长按伤害,齿轨轮回长按伤害,7.46%*16,7.46%*16,20,
same,千咲,共鸣回路,damage,锯环·疾攻第一段伤害,锯环·疾攻第一段伤害,11.49%*6,11.49%*6,20,
same,千咲,共鸣回路,damage,锯环·疾攻第二段伤害,锯环·疾攻第二段伤害,10.64%*8,10.64%*8,20,
same,千咲,共鸣回路,damage,锯环·疾攻第三段伤害,锯环·疾攻第三段伤害,15.98%*8,15.98%*8,20,
same,千咲,共鸣回路,damage,锯环·终结伤害,锯环·终结伤害,51.54%+206.13%,51.54%+206.13%,20,
same,千咲,共鸣回路,damage,锯环·疾攻第二段长按伤害,锯环·疾攻第二段长按伤害,10.64%*10,10.64%*10,20,
same,千咲,共鸣回路,damage,锯环·疾攻第二段·折鸣伤害,锯环·疾攻第二段·折鸣伤害,3.58%*3,3.58%*3,20,
same,千咲,共鸣回路,damage,锯环·疾攻第三段长按伤害,锯环·疾攻第三段长按伤害,15.98%*6,15.98%*6,20,
same,千咲,共鸣回路,damage,锯环·疾攻第三段·坠响伤害,锯环·疾攻第三段·坠响伤害,3.58%*3,3.58%*3,20,
same,千咲,共鸣回路,damage,电锯模式·闪避反击伤害,电锯模式·闪避反击伤害,10.64%*8,10.64%*8,20,
same,千咲,共鸣回路,damage,电锯模式·闪避反击长按伤害,电锯模式·闪避反击长按伤害,10.64%*10,10.64%*10,20,
unmapped_official,千咲,共鸣解放,damage,技能伤害,,,954.29%,,
same,千咲,共鸣解放,healing,治疗量,治疗量,2660+117.60%,2660+117.60%,20,
unmapped_official,千咲,变奏技能,damage,技能伤害,,,95.43%,,
same,仇远,常态攻击,damage,第一段伤害,第一段伤害,41.76%,41.76%,20,
same,仇远,常态攻击,damage,第二段伤害,第二段伤害,34.80%+34.80%,34.80%+34.80%,20,
same,仇远,常态攻击,damage,第三段伤害,第三段伤害,24.64%+24.64%+24.64%+24.64%+65.69%,24.64%+24.64%+24.64%+24.64%+65.69%,20,
same,仇远,常态攻击,damage,空中攻击伤害,空中攻击伤害,116.91%,116.91%,20,
same,仇远,常态攻击,damage,重击伤害,重击伤害,165.61%,165.61%,20,
same,仇远,常态攻击,damage,闪避反击伤害,闪避反击伤害,194.84%+27.84%*3,194.84%+27.84%*3,20,
unmapped_official,仇远,共鸣技能,damage,技能伤害,,,71.84%*3,,
same,仇远,共鸣技能,damage,不辞远伤害,不辞远伤害,32.33%+32.33%*3+86.21%,32.33%+32.33%*3+86.21%,20,
same,仇远,共鸣回路,damage,答剑·质黑相青第一段伤害,答剑·质黑相青第一段伤害,59.65%+59.65%,59.65%+59.65%,20,
same,仇远,共鸣回路,damage,答剑·质黑相青第二段伤害,答剑·质黑相青第二段伤害,55.65%+55.65%+74.20%,55.65%+55.65%+74.20%,20,
same,仇远,共鸣回路,damage,答剑·质黑相青第三段伤害,答剑·质黑相青第三段伤害,14.58%+14.58%*4+72.87%,14.58%+14.58%*4+72.87%,20,
same,仇远,共鸣回路,damage,答剑·质黑相青第四段伤害,答剑·质黑相青第四段伤害,172.37%,172.37%,20,
unmapped_official,仇远,共鸣回路,damage,答剑·弦歌不缀伤害,,,91.44%+91.44%+91.44%+91.44%+91.44%,,
same,仇远,共鸣回路,damage,答剑·割股之心伤害,答剑·割股之心伤害,38.44%*3+31.45%+31.45%+31.45%,38.44%*3+31.45%+31.45%+31.45%,20,
same,仇远,共鸣回路,damage,答剑·忠烈死节伤害,答剑·忠烈死节伤害,217.70%,217.70%,20,
unmapped_official,仇远,共鸣解放,damage,技能伤害,,,795.24%,,
unmapped_official,仇远,变奏技能,damage,技能伤害,,,9.55%*5+47.72%+143.15%,,
same,嘉贝莉娜,常态攻击,damage,普攻第一段伤害,普攻第一段伤害,59.18%,59.18%,20,
same,嘉贝莉娜,常态攻击,damage,普攻第二段伤害,普攻第二段伤害,26.31%+26.31%+78.91%,26.31%+26.31%+78.91%,20,
same,嘉贝莉娜,常态攻击,damage,普攻第三段伤害,普攻第三段伤害,28.60%+28.60%+42.89%+42.89%,28.60%+28.60%+42.89%+42.89%,20,
same,嘉贝莉娜,常态攻击,damage,普攻第四段伤害,普攻第四段伤害,177.86%,177.86%,20,
same,嘉贝莉娜,常态攻击,damage,闪避反击·血债将偿伤害,闪避反击·血债将偿伤害,41.05%+41.05%+61.57%+61.57%,41.05%+41.05%+61.57%+61.57%,20,
same,嘉贝莉娜,常态攻击,damage,空中攻击·枪弹暴雨下落攻击伤害,空中攻击·枪弹暴雨下落攻击伤害,143.15%,143.15%,20,
same,嘉贝莉娜,常态攻击,damage,空中攻击·枪弹暴雨持续扫射伤害,空中攻击·枪弹暴雨持续扫射伤害,26.84%,26.84%,20,
same,嘉贝莉娜,常态攻击,damage,重击·燧发杀戮第一段伤害,重击·燧发杀戮第一段伤害,53.30%+53.30%,53.30%+53.30%,20,
same,嘉贝莉娜,常态攻击,damage,重击·燧发杀戮第二段伤害,重击·燧发杀戮第二段伤害,34.59%*2,34.59%*2,20,
same,嘉贝莉娜,常态攻击,damage,重击·燧发杀戮第三段伤害,重击·燧发杀戮第三段伤害,16.77%*3+117.39%,16.77%*3+117.39%,20,
same,嘉贝莉娜,共鸣技能,damage,共鸣技能·迫近伤害,共鸣技能·迫近伤害,10.74%+25.04%,10.74%+25.04%,20,
same,嘉贝莉娜,共鸣技能,damage,共鸣技能·恶翼扬升伤害,共鸣技能·恶翼扬升伤害,51.57%+51.57%,51.57%+51.57%,20,
unmapped_official,嘉贝莉娜,共鸣回路,damage,地狱穿行伤害,,,666,,
same,嘉贝莉娜,共鸣回路,damage,普攻·炽天猎杀第一段伤害,普攻·炽天猎杀第一段伤害,58.99%,58.99%,20,
same,嘉贝莉娜,共鸣回路,damage,普攻·炽天猎杀第二段伤害,普攻·炽天猎杀第二段伤害,27.84%+27.84%+83.51%,27.84%+27.84%+83.51%,20,
same,嘉贝莉娜,共鸣回路,damage,普攻·炽天猎杀第三段伤害,普攻·炽天猎杀第三段伤害,24.32%*3+170.21%,24.32%*3+170.21%,20,
same,嘉贝莉娜,共鸣回路,damage,普攻·炽天猎杀第四段伤害,普攻·炽天猎杀第四段伤害,18.15%*3+127.02%,18.15%*3+127.02%,20,
same,嘉贝莉娜,共鸣回路,damage,普攻·炽天猎杀第五段伤害,普攻·炽天猎杀第五段伤害,67.28%+156.99%,67.28%+156.99%,20,
same,嘉贝莉娜,共鸣回路,damage,重击·炼羽裁决第一段伤害,重击·炼羽裁决第一段伤害,59.22%+59.22%,59.22%+59.22%,20,
same,嘉贝莉娜,共鸣回路,damage,重击·炼羽裁决第二段伤害,重击·炼羽裁决第二段伤害,38.35%*2,38.35%*2,20,
same,嘉贝莉娜,共鸣回路,damage,重击·炼羽裁决第三段伤害,重击·炼羽裁决第三段伤害,17.69%*3+123.77%,17.69%*3+123.77%,20,
same,嘉贝莉娜,共鸣回路,damage,闪避反击·罪业当涤伤害,闪避反击·罪业当涤伤害,32.10%*3+224.70%,32.10%*3+224.70%,20,
same,嘉贝莉娜,共鸣回路,damage,空中攻击·火狱暴雨下落攻击伤害,空中攻击·火狱暴雨下落攻击伤害,159.05%,159.05%,20,
same,嘉贝莉娜,共鸣回路,damage,空中攻击·火狱暴雨持续扫射伤害,空中攻击·火狱暴雨持续扫射伤害,29.83%,29.83%,20,
same,嘉贝莉娜,共鸣回路,damage,共鸣技能·掠袭伤害,共鸣技能·掠袭伤害,10.74%+25.04%,10.74%+25.04%,20,
same,嘉贝莉娜,共鸣解放,damage,共鸣解放·炼净伤害,共鸣解放·炼净伤害,110.90%+90.74%*11,110.90%+90.74%*11,20,
same,嘉贝莉娜,变奏技能,damage,变奏技能·永火上膛伤害,变奏技能·永火上膛伤害,94.12%,94.12%,20,
same,尤诺,常态攻击,damage,月环·普攻第一段伤害,月环·普攻第一段伤害,87.68%,87.68%,20,
same,尤诺,常态攻击,damage,月环·普攻第二段伤害,月环·普攻第二段伤害,46.06%*2+47.46%,46.06%*2+47.46%,20,
same,尤诺,常态攻击,damage,月环·普攻第三段伤害,月环·普攻第三段伤害,87.98%*2+90.65%,87.98%*2+90.65%,20,
same,尤诺,常态攻击,damage,月弓·普攻第一段伤害,月弓·普攻第一段伤害,126.45%,126.45%,20,
same,尤诺,常态攻击,damage,月弓·普攻第二段伤害,月弓·普攻第二段伤害,55.67%*3,55.67%*3,20,
same,尤诺,常态攻击,damage,月弓·普攻第三段伤害,月弓·普攻第三段伤害,167.01%*2,167.01%*2,20,
same,尤诺,常态攻击,damage,月弓·闪避反击伤害,月弓·闪避反击伤害,103.39%*3,103.39%*3,20,
same,尤诺,共鸣技能,damage,原初的律动伤害,原初的律动伤害,18.65%*7+130.52%,18.65%*7+130.52%,20,
same,尤诺,共鸣技能,damage,告终的喧响伤害,告终的喧响伤害,140.73%*2+145.00%,140.73%*2+145.00%,20,
same,尤诺,共鸣技能,damage,未终的喧响伤害,未终的喧响伤害,140.73%*2+145.00%,140.73%*2+145.00%,20,
same,尤诺,共鸣技能,damage,越限的弦引伤害,越限的弦引伤害,219.79%*2,219.79%*2,20,
same,尤诺,共鸣回路,damage,流变·月弓伤害,流变·月弓伤害,250.51%,250.51%,20,
same,尤诺,共鸣回路,damage,流变·月环伤害,流变·月环伤害,79.18%*4,79.18%*4,20,
same,尤诺,共鸣回路,damage,月弓·普攻第一段强化伤害,月弓·普攻第一段强化伤害,205.97%,205.97%,20,
same,尤诺,共鸣回路,damage,月弓·普攻第二段强化伤害,月弓·普攻第二段强化伤害,95.43%*3,95.43%*3,20,
same,尤诺,共鸣回路,damage,月弓·普攻第三段强化伤害,月弓·普攻第三段强化伤害,266.41%*2,266.41%*2,20,
same,尤诺,共鸣回路,damage,月弓·闪避反击强化伤害,月弓·闪避反击强化伤害,156.40%*3,156.40%*3,20,
same,尤诺,共鸣回路,damage,越限的弦引强化伤害,越限的弦引强化伤害,319.19%*2,319.19%*2,20,
same,尤诺,共鸣回路,damage,至臻的完满伤害,至臻的完满伤害,159.05%,159.05%,20,
same,尤诺,共鸣回路,healing,月弓·普攻第一段治疗量,月弓·普攻第一段治疗量,25.91%,25.91%,20,
same,尤诺,共鸣回路,healing,月弓·普攻第二段治疗量,月弓·普攻第二段治疗量,25.91%,25.91%,20,
same,尤诺,共鸣回路,healing,月弓·普攻第三段治疗量,月弓·普攻第三段治疗量,48.57%,48.57%,20,
same,尤诺,共鸣回路,healing,月弓·闪避反击治疗量,月弓·闪避反击治疗量,32.38%,32.38%,20,
same,尤诺,共鸣回路,healing,越限的弦引治疗量,越限的弦引治疗量,48.57%,48.57%,20,
same,尤诺,共鸣回路,healing,至臻的完满治疗量,至臻的完满治疗量,194.26%,194.26%,20,
same,尤诺,共鸣回路,healing,满月领域周期治疗量,满月领域周期治疗量,32.38%,32.38%,20,
unmapped_official,尤诺,共鸣解放,damage,技能伤害,,,1093.46%,,
unmapped_official,尤诺,变奏技能,damage,技能伤害,,,15.91%*7+47.72%,,
same,奥古斯塔,常态攻击,damage,第一段伤害,第一段伤害,57.46%,57.46%,20,
same,奥古斯塔,常态攻击,damage,第二段伤害,第二段伤害,67.00%*2,67.00%*2,20,
same,奥古斯塔,常态攻击,damage,第三段伤害,第三段伤害,65.61%*3,65.61%*3,20,
same,奥古斯塔,常态攻击,damage,第四段伤害,第四段伤害,64.63%*3,64.63%*3,20,
same,奥古斯塔,常态攻击,damage,重击·鸣铁伤害,重击·鸣铁伤害,46.39%*3,46.39%*3,20,
same,奥古斯塔,常态攻击,damage,空中攻击伤害,空中攻击伤害,59.65%*2,59.65%*2,20,
same,奥古斯塔,常态攻击,damage,闪避反击伤害,闪避反击伤害,67.00%*2,67.00%*2,20,
same,奥古斯塔,常态攻击,damage,空中闪避反击伤害,空中闪避反击伤害,59.65%*2,59.65%*2,20,
same,奥古斯塔,常态攻击,damage,重击·烁雷·后撤伤害,重击·烁雷·后撤伤害,53.68%,53.68%,20,
same,奥古斯塔,常态攻击,damage,重击·烁雷·旋切伤害,重击·烁雷·旋切伤害,141.72%*3,141.72%*3,20,
same,奥古斯塔,常态攻击,damage,重击·烁雷·升拳伤害,重击·烁雷·升拳伤害,178.93%*2,178.93%*2,20,
same,奥古斯塔,常态攻击,damage,闪避反击·重击·鸣铁伤害,闪避反击·重击·鸣铁伤害,46.39%*3,46.39%*3,20,
same,奥古斯塔,常态攻击,damage,闪避反击·烁雷·后撤伤害,闪避反击·烁雷·后撤伤害,53.68%,53.68%,20,
unmapped_official,奥古斯塔,共鸣技能,damage,技能伤害,,,218.70%*3,,
same,奥古斯塔,共鸣回路,damage,共鸣技能·不败恒阳·迅击伤害,共鸣技能·不败恒阳·迅击伤害,139.17%*2,139.17%*2,20,
same,奥古斯塔,共鸣回路,damage,共鸣技能·不败恒阳·跃空伤害,共鸣技能·不败恒阳·跃空伤害,222.67%+27.84%*2,222.67% + 27.84%*2,20,
rounding_equivalent,奥古斯塔,共鸣回路,damage,共鸣技能·不败恒阳·落袭伤害,共鸣技能·不败恒阳·落袭伤害,86.59%+779.24%,43.30%*2 + 779.24%,20,
same,奥古斯塔,共鸣回路,damage,空中闪避反击·不败恒阳·迅击伤害,空中闪避反击·不败恒阳·迅击伤害,139.17%*2,139.17%*2,20,
same,奥古斯塔,共鸣解放,damage,共鸣解放·誓锋不殒伤害,共鸣解放·誓锋不殒伤害,32.99%*2+131.94%*3+32.99%*2+571.7%,32.99%*2 + 131.94%*3 + 32.99%*2 + 571.7%,20,
same,奥古斯塔,共鸣解放,damage,赫日威临·烈阳伤害,赫日威临·烈阳伤害,119.29%,119.29%,20,
same,奥古斯塔,共鸣解放,damage,赫日威临·不朽者之肃伤害,赫日威临·不朽者之肃伤害,238.58%+894.65%+5.97%*10,238.58%+894.65%+ 5.97%*10,20,
unmapped_official,奥古斯塔,变奏技能,damage,技能伤害,,,99.41%*2,,
same,弗洛洛,常态攻击,damage,第一段伤害,第一段伤害,53.45%*2,53.45%*2,20,
same,弗洛洛,常态攻击,damage,第二段伤害,第二段伤害,95.43%,95.43%,20,
same,弗洛洛,常态攻击,damage,第三段伤害,第三段伤害,32.69%*6,32.69%*6,20,
same,弗洛洛,常态攻击,damage,重击伤害,重击伤害,79.85%*2,79.85%*2,20,
same,弗洛洛,常态攻击,damage,谱曲终末伤害,谱曲终末伤害,33.01%*2+12.38%*8+495.10%,33.01%*2 + 12.38%*8 + 495.10%,20,
same,弗洛洛,常态攻击,damage,空中攻击伤害,空中攻击伤害,127.24%,127.24%,20,
same,弗洛洛,常态攻击,damage,闪避反击伤害,闪避反击伤害,121.99%,121.99%,20,
unmapped_official,弗洛洛,共鸣技能,damage,技能伤害,,,105.97%*2,,
same,弗洛洛,共鸣回路,damage,亡与死的乐章伤害,亡与死的乐章伤害,37.88%*4+117.83%*3,37.88%*4 + 117.83%*3,20,
same,弗洛洛,共鸣回路,damage,永不消逝的梦呓伤害,永不消逝的梦呓伤害,23.21%*4+46.41%+324.82%,23.21%*4 + 46.41% + 324.82%,20,
same,弗洛洛,共鸣解放,damage,普攻・赫卡忒第一段伤害,普攻·赫卡忒第一段伤害,27.84%,27.84%,20,
same,弗洛洛,共鸣解放,damage,普攻・赫卡忒第二段伤害,普攻·赫卡忒第二段伤害,13.92%*2,13.92%*2,20,
same,弗洛洛,共鸣解放,damage,强化攻击・弦乐・赫卡忒伤害,强化攻击·弦乐·赫卡忒伤害,104.38%+243.55%,104.38% + 243.55%,20,
same,弗洛洛,共鸣解放,damage,强化攻击・管乐・赫卡忒伤害,强化攻击·管乐·赫卡忒伤害,99.16%+231.37%,99.16% + 231.37%,20,
same,弗洛洛,共鸣解放,damage,强化攻击・彩乐・赫卡忒伤害,强化攻击·彩乐·赫卡忒伤害,104.38%+243.55%,104.38% + 243.55%,20,
unmapped_official,弗洛洛,共鸣解放,damage,谢幕・赫卡忒伤害,,,465.22%,,
same,弗洛洛,变奏技能,damage,致命组歌伤害,致命组歌伤害,80.61%+120.91%,80.61% + 120.91%,20,
same,弗洛洛,变奏技能,damage,永生组歌伤害,永生组歌伤害,596.43%,596.43%,20,
same,露帕,常态攻击,damage,第一段伤害,第一段伤害,22.52%+22.52%+45.04%,22.52% + 22.52% + 45.04%,20,
same,露帕,常态攻击,damage,第二段伤害,第二段伤害,90.08%,90.08%,20,
same,露帕,常态攻击,damage,第三段伤害,第三段伤害,78.84%+13.14%*6,78.84% + 13.14%*6,20,
same,露帕,常态攻击,damage,第四段伤害,第四段伤害,73.87%+73.87%+49.25%*2,73.87% + 73.87% + 49.25%*2,20,
same,露帕,常态攻击,damage,重击伤害,重击伤害,56.36%+56.36%,56.36% + 56.36%,20,
same,露帕,常态攻击,damage,重击·狼咬伤害,重击·狼咬伤害,56.11%+56.11%,56.11% + 56.11%,20,
same,露帕,常态攻击,damage,重击·锐爪伤害,重击·锐爪伤害,72.15%+18.04%*4+96.19%,72.15% + 18.04%*4 + 96.19%,20,
same,露帕,常态攻击,damage,空中攻击第一段伤害,空中攻击第一段伤害,76.73%,76.73%,20,
same,露帕,常态攻击,damage,空中攻击第二段伤害,空中攻击第二段伤害,77.23%+19.31%*4,77.23% + 19.31%*4,20,
same,露帕,常态攻击,damage,空中攻击第三段伤害,空中攻击第三段伤害,28.48%+28.48%,28.48% + 28.48%,20,
same,露帕,常态攻击,damage,空中攻击·焰袭伤害,空中攻击·焰袭伤害,28.48%+28.48%,28.48% + 28.48%,20,
same,露帕,常态攻击,damage,空中下落攻击伤害,空中下落攻击伤害,26.20%+52.39%+26.20%,26.20% + 52.39% + 26.20%,20,
same,露帕,常态攻击,damage,普攻·星灭伤害,普攻·星灭伤害,12.65%*4+118.06%,12.65%*4 + 118.06%,20,
same,露帕,常态攻击,damage,闪避反击伤害,闪避反击伤害,34.18%*4+136.72%,34.18%*4 + 136.72%,20,
unmapped_official,露帕,共鸣技能,damage,技能伤害,,,140.77%,,
same,露帕,共鸣技能,damage,凶噬伤害,凶噬伤害,313.61%,313.61%,20,
same,露帕,共鸣回路,damage,狼舞的决意伤害,狼舞的决意伤害,56.02%+42.02%*4+336.11%,56.02% + 42.02%*4 + 336.11%,20,
same,露帕,共鸣回路,damage,狼舞的决意·极伤害,狼舞的决意·极伤害,75.63%+56.72%*4+453.75%,75.63% + 56.72%*4 + 453.75%,20,
same,露帕,共鸣回路,damage,此刻，让火焰延燃赛场伤害,此刻，让火焰延燃赛场伤害,42.35%+169.40%,42.35% + 169.40%,20,
unmapped_official,露帕,共鸣解放,damage,技能伤害,,,820.44%,,
same,露帕,共鸣解放,damage,破敌伤害,破敌伤害,304.46%,304.46%,20,
unmapped_official,露帕,变奏技能,damage,技能伤害,,,29.76% + 42.16%*4,,
same,露帕,变奏技能,damage,你无法逃离！伤害,你无法逃离！伤害,793.57%+49.60%*4,793.57% + 49.60%*4,20,
same,夏空,常态攻击,damage,第一段伤害,第一段伤害,57.06%,57.06%,20,
same,夏空,常态攻击,damage,第二段伤害,第二段伤害,48.91%+24.46%*2+65.21%,48.91% + 24.46%*2 + 65.21%,20,
same,夏空,常态攻击,damage,第三段伤害,第三段伤害,33.02%*4,33.02%*4,20,
same,夏空,常态攻击,damage,第四段伤害,第四段伤害,61.14%*4,61.14%*4,20,
same,夏空,常态攻击,damage,重击伤害,重击伤害,107.60%,107.60%,20,
same,夏空,常态攻击,damage,瞄准伤害,瞄准伤害,32.61%,32.61%,20,
same,夏空,常态攻击,damage,瞄准完全蓄力伤害,瞄准完全蓄力伤害,73.37%,73.37%,20,
same,夏空,常态攻击,damage,空中攻击第一段伤害,空中攻击第一段伤害,55.43%*2,55.43%*2,20,
same,夏空,常态攻击,damage,空中攻击第二段伤害,空中攻击第二段伤害,24.46%*4,24.46%*4,20,
same,夏空,常态攻击,damage,闪避反击伤害,闪避反击伤害,57.17%*4,57.17%*4,20,
unmapped_official,夏空,共鸣技能,damage,技能伤害,,,40.39%*4,,
same,夏空,共鸣回路,damage,四拍重奏伤害,四拍重奏伤害,31.41%*10+314.03%,31.41%*10 + 314.03%,20,
same,夏空,共鸣解放,damage,即兴的交响诗伤害,即兴的交响诗伤害,1100.42%,1100.42%,20,
same,夏空,共鸣解放,damage,交响诗·主音伤害,交响诗·主音伤害,6.12%*20,6.12%*20,20,
unmapped_official,夏空,变奏技能,damage,技能伤害,,,189.11%,,
same,卡提希娅,常态攻击,damage,第一段伤害,第一段伤害,4.78%,4.78%,20,
same,卡提希娅,常态攻击,damage,第二段伤害,第二段伤害,3.94%+3.94%+5.25%,3.94% + 3.94% + 5.25%,20,
same,卡提希娅,常态攻击,damage,第三段伤害,第三段伤害,4.28%+4.28%+4.28%+4.28%,4.28% + 4.28% + 4.28% + 4.28%,20,
same,卡提希娅,常态攻击,damage,第四段伤害,第四段伤害,2.52%*3+7.54%,2.52%*3 + 7.54%,20,
same,卡提希娅,常态攻击,damage,闪避反击伤害,闪避反击伤害,6.85%+6.85%+6.85%+6.85%,6.85% + 6.85% + 6.85% + 6.85%,20,
same,卡提希娅,常态攻击,damage,重击伤害,重击伤害,2.08%*3+6.24%,2.08%*3 + 6.24%,20,
unmapped_official,卡提希娅,共鸣技能,damage,技能伤害,,,6.89%*3 + 8.86%,,
same,卡提希娅,共鸣回路,damage,普攻第一段伤害,普攻第一段伤害,6.49%,6.49%,20,
same,卡提希娅,共鸣回路,damage,普攻第二段伤害,普攻第二段伤害,3.63%+1.82%+1.82%+1.82%,3.63% + 1.82% + 1.82% + 1.82%,20,
same,卡提希娅,共鸣回路,damage,普攻第三段伤害,普攻第三段伤害,2.13%+2.13%+2.13%+4.26%,2.13% + 2.13% + 2.13% + 4.26%,20,
same,卡提希娅,共鸣回路,damage,普攻第四段伤害,普攻第四段伤害,2.74%*5,2.74%*5,20,
same,卡提希娅,共鸣回路,damage,普攻第五段伤害,普攻第五段伤害,7.20%+28.80%,7.20% + 28.80%,20,
same,卡提希娅,共鸣回路,damage,闪避反击伤害,闪避反击伤害,3.20%+3.20%+3.20%+6.39%,3.20% + 3.20% + 3.20% + 6.39%,20,
same,卡提希娅,共鸣回路,damage,上挑攻击伤害,上挑攻击伤害,4.54%*2,4.54%*2,20,
same,卡提希娅,共鸣回路,damage,重击伤害,重击伤害,4.28%+9.97%,4.28% + 9.97%,20,
same,卡提希娅,共鸣回路,damage,强化重击伤害,强化重击伤害,7.78%*2+3.89%,7.78%*2 + 3.89%,20,
same,卡提希娅,共鸣回路,damage,空中攻击第一段伤害,空中攻击第一段伤害,2.99%+2.99%+3.08%,2.99% + 2.99% + 3.08%,20,
same,卡提希娅,共鸣回路,damage,空中攻击第二段伤害,空中攻击第二段伤害,7.39%+7.39%+14.77%,7.39% + 7.39% + 14.77%,20,
same,卡提希娅,共鸣回路,damage,空中攻击第三段伤害,空中攻击第三段伤害,2.20%,2.20%,20,
same,卡提希娅,共鸣回路,damage,共鸣技能·此剑为潮浪之意伤害,共鸣技能·此剑为潮浪之意伤害,1.86%*4+17.36%,1.86%*4 + 17.36%,20,
same,卡提希娅,共鸣回路,damage,共鸣技能·凭风斩浪破敌伤害,共鸣技能·凭风斩浪破敌伤害,1.86%*2+7.03%*3,1.86%*2 + 7.03%*3,20,
same,卡提希娅,共鸣解放,damage,看潮怒风哮之刃伤害,看潮怒风哮之刃伤害,13.12%*7,13.12%*7,20,
same,卡提希娅,变奏技能,damage,此剑，为潮水的过去伤害,此剑，为潮水的过去伤害,2.08%*3+6.24%,2.08%*3 + 6.24%,20,
same,卡提希娅,变奏技能,damage,此剑，为自由的未来伤害,此剑，为自由的未来伤害,4.28%+9.97%,4.28% + 9.97%,20,
same,赞妮,常态攻击,damage,第一段伤害,第一段伤害,58.85%,58.85%,20,
same,赞妮,常态攻击,damage,第二段伤害,第二段伤害,79.53%,79.53%,20,
same,赞妮,常态攻击,damage,第三段伤害,第三段伤害,42.42%*3,42.42%*3,20,
same,赞妮,常态攻击,damage,第四段伤害,第四段伤害,67.60%*4,67.60%*4,20,
same,赞妮,常态攻击,damage,突破性进展伤害,突破性进展伤害,61.50%+17.58%*7,61.50% + 17.58%*7,20,
same,赞妮,常态攻击,damage,重击伤害,重击伤害,41.08%*4,41.08%*4,20,
same,赞妮,常态攻击,damage,空中攻击伤害,空中攻击伤害,104.98%,104.98%,20,
same,赞妮,常态攻击,damage,闪避反击伤害,闪避反击伤害,74.23%*3,74.23%*3,20,
same,赞妮,共鸣技能,damage,标准防卫预案伤害,标准防卫预案伤害,63.94%,63.94%,20,
same,赞妮,共鸣技能,damage,精准反击伤害,精准反击伤害,61.00%+121.99%,61.00% + 121.99%,20,
same,赞妮,共鸣技能,damage,集中压制伤害,集中压制伤害,86.19%+28.73%+172.37%,86.19% + 28.73% + 172.37%,20,
same,赞妮,共鸣技能,damage,破袭反击伤害,破袭反击伤害,86.19%+28.73%+172.37%,86.19% + 28.73% + 172.37%,20,
same,赞妮,共鸣回路,damage,重斩·破晓伤害,重斩·破晓伤害,198.81%,198.81%,20,
same,赞妮,共鸣回路,damage,重斩·将明伤害,重斩·将明伤害,424.07%,424.07%,20,
same,赞妮,共鸣回路,damage,重斩·终夜伤害,重斩·终夜伤害,135.20%+262.43%,135.20% + 262.43%,20,
same,赞妮,共鸣回路,damage,重斩·闪裂伤害,重斩·闪裂伤害,424.07%,424.07%,20,
same,赞妮,共鸣解放,damage,重燃伤害,重燃伤害,318.52%,318.52%,20,
same,赞妮,共鸣解放,damage,终绝将至之刻伤害,终绝将至之刻伤害,191.12%+1082.96%,191.12% + 1082.96%,20,
unmapped_official,赞妮,变奏技能,damage,技能伤害,,,24.24%*5 + 80.80%,,
same,坎特蕾拉,常态攻击,damage,第一段伤害,第一段伤害,79.53%,79.53%,20,
same,坎特蕾拉,常态攻击,damage,第二段伤害,第二段伤害,36.44%*4,36.44%*4,20,
same,坎特蕾拉,常态攻击,damage,第三段伤害,第三段伤害,72.57%*2,72.57%*2,20,
same,坎特蕾拉,常态攻击,damage,重击伤害,重击伤害,57.18%*2,57.18%*2,20,
same,坎特蕾拉,常态攻击,damage,浮潜幻海伤害,浮潜幻海伤害,53.05%*2,53.05%*2,20,
same,坎特蕾拉,常态攻击,damage,空中攻击伤害,空中攻击伤害,41.99%+62.99%,41.99% + 62.99%,20,
same,坎特蕾拉,常态攻击,damage,闪避反击伤害,闪避反击伤害,53.01%*4,53.01%*4,20,
same,坎特蕾拉,共鸣技能,damage,翩跹伤害,翩跹伤害,73.60%*2,73.60%*2,20,
same,坎特蕾拉,共鸣技能,damage,斑驳幻梦伤害,斑驳幻梦伤害,196.23%,196.23%,20,
same,坎特蕾拉,共鸣技能,damage,惊醒伤害,惊醒伤害,198.81%,198.81%,20,
same,坎特蕾拉,共鸣回路,damage,蛰幻第一段伤害,蛰幻第一段伤害,35.33%*3,35.33%*3,20,
same,坎特蕾拉,共鸣回路,damage,蛰幻第二段伤害,蛰幻第二段伤害,62.93%*2,62.93%*2,20,
same,坎特蕾拉,共鸣回路,damage,蛰幻第三段伤害,蛰幻第三段伤害,64.62%*4,64.62%*4,20,
same,坎特蕾拉,共鸣回路,damage,暗涌漩涡伤害,暗涌漩涡伤害,41.99%+62.99%,41.99% + 62.99%,20,
same,坎特蕾拉,共鸣回路,damage,感知汲取伤害,感知汲取伤害,667.99%*2,667.99%*2,20,
same,坎特蕾拉,共鸣回路,damage,掠影伤害,掠影伤害,75.09%*3,75.09%*3,20,
unmapped_official,坎特蕾拉,共鸣回路,healing,消耗【迷离】时治疗量,,,171 + 45.36%,,
same,坎特蕾拉,共鸣回路,healing,感知汲取治疗量,感知汲取治疗量,712+189.00%,712 + 189.00%,20,
same,坎特蕾拉,共鸣解放,damage,陷溺伤害,陷溺伤害,376.00%,376.00%,20,
same,坎特蕾拉,共鸣解放,damage,弥漫伤害,弥漫伤害,14.54%*21,14.54%*21,20,
same,坎特蕾拉,变奏技能,damage,点水伤害,点水伤害,42.25%*4,42.25%*4,20,
same,坎特蕾拉,变奏技能,damage,逐浪伤害,逐浪伤害,16.90%*3+118.30%,16.90%*3 + 118.30%,20,
same,菲比,常态攻击,damage,第一段伤害,第一段伤害,29.53%,29.53%,20,
same,菲比,常态攻击,damage,第二段伤害,第二段伤害,22.37%+27.34%,22.37% + 27.34%,20,
same,菲比,常态攻击,damage,第三段伤害,第三段伤害,14.24%*8,14.24%*8,20,
same,菲比,常态攻击,damage,重击伤害,重击伤害,41.35%*4,41.35%*4,20,
unmapped_official,菲比,常态攻击,damage,下落攻击伤害,,,46.23%*2,,
same,菲比,常态攻击,damage,闪避反击伤害,闪避反击伤害,21.58%*8,21.58%*8,20,
same,菲比,常态攻击,damage,夏弥尔之星·闪避反击伤害,夏弥尔之星·闪避反击伤害,43.84%*6,43.84%*6,20,
unmapped_official,菲比,共鸣技能,damage,技能伤害,,,62.63%*2,,
unmapped_official,菲比,共鸣技能,damage,【镜之环】反射圣辉伤害,,,14.92%*2,,
same,菲比,共鸣技能,damage,夏弥尔之星第一段伤害,夏弥尔之星第一段伤害,59.35%,59.35%,20,
same,菲比,共鸣技能,damage,夏弥尔之星第二段伤害,夏弥尔之星第二段伤害,39.77%*2,39.77%*2,20,
same,菲比,共鸣技能,damage,夏弥尔之星第三段伤害,夏弥尔之星第三段伤害,28.93%*6,28.93%*6,20,
same,菲比,共鸣回路,damage,圣祷赦罪伤害,圣祷赦罪伤害,638.19%,638.19%,20,
same,菲比,共鸣回路,damage,显明告解伤害,显明告解伤害,187.88%,187.88%,20,
same,菲比,共鸣回路,damage,重击·星辉伤害,重击·星辉伤害,82.69%*3,82.69%*3,20,
unmapped_official,菲比,共鸣解放,damage,技能伤害,,,401.60%,,
unmapped_official,菲比,变奏技能,damage,技能伤害,,,198.81%,,
same,布兰特,常态攻击,damage,第一段伤害,第一段伤害,50.53%,50.53%,20,
same,布兰特,常态攻击,damage,第二段伤害,第二段伤害,50.70%+50.70%,50.70% + 50.70%,20,
same,布兰特,常态攻击,damage,第三段伤害,第三段伤害,22.06%*3+33.08%*2,22.06%*3 + 33.08%*2,20,
same,布兰特,常态攻击,damage,第四段伤害,第四段伤害,28.02%+22.42%*5,28.02% + 22.42%*5,20,
same,布兰特,常态攻击,damage,重击伤害,重击伤害,197.55%,197.55%,20,
same,布兰特,常态攻击,damage,重击·狂想即兴伤害,重击·狂想即兴伤害,168.99%,168.99%,20,
same,布兰特,常态攻击,damage,空中攻击第一段伤害,空中攻击第一段伤害,122.86%,122.86%,20,
same,布兰特,常态攻击,damage,空中攻击第一段长按伤害,空中攻击第一段长按伤害,33.25%+49.87%+41.56%*6,33.25% + 49.87% + 41.56%*6,20,
same,布兰特,常态攻击,damage,空中攻击第一段空翻伤害,空中攻击第一段空翻伤害,33.80%+59.15%,33.80% + 59.15%,20,
same,布兰特,常态攻击,damage,空中攻击第一段斩击伤害,空中攻击第一段斩击伤害,28.17%*3,28.17%*3,20,
same,布兰特,常态攻击,damage,空中攻击第二段伤害,空中攻击第二段伤害,84.92%+84.92%,84.92% + 84.92%,20,
same,布兰特,常态攻击,damage,空中攻击第二段长按伤害,空中攻击第二段长按伤害,32.87%*6,32.87%*6,20,
same,布兰特,常态攻击,damage,空中攻击第二段空翻伤害,空中攻击第二段空翻伤害,33.80%+59.15%,33.80% + 59.15%,20,
same,布兰特,常态攻击,damage,空中攻击第三段伤害,空中攻击第三段伤害,28.17%*6,28.17%*6,20,
same,布兰特,常态攻击,damage,空中攻击第三段空翻伤害,空中攻击第三段空翻伤害,33.80%+59.15%,33.80% + 59.15%,20,
same,布兰特,常态攻击,damage,空中攻击第四段伤害,空中攻击第四段伤害,101.53%+25.39%*3+76.15%,101.53% + 25.39%*3 + 76.15%,20,
same,布兰特,常态攻击,damage,闪避反击伤害,闪避反击伤害,38.03%*3+57.04%*2,38.03%*3 + 57.04%*2,20,
unmapped_official,布兰特,共鸣技能,damage,技能伤害,,,200.35% + 133.57%,,
same,布兰特,共鸣技能,damage,下落攻击伤害,下落攻击伤害,104.78%,104.78%,20,
same,布兰特,共鸣回路,damage,火焰归亡曲伤害,火焰归亡曲伤害,47.22%*2+94.44%+188.87%*2+1322.09%,47.22%*2 + 94.44% + 188.87%*2 + 1322.09%,20,
unmapped_official,布兰特,共鸣回路,healing,涛声喝彩治疗量,,,593 + 2.07,,
unmapped_official,布兰特,共鸣解放,damage,技能伤害,,,85.06%*4 + 340.21%,,
unmapped_official,布兰特,共鸣解放,healing,治疗量,,,950 + 3.32,,
unmapped_official,布兰特,变奏技能,damage,技能伤害,,,202.79% + 50.70%,,
same,洛可可,常态攻击,damage,第一段伤害,第一段伤害,73.18%,73.18%,20,
same,洛可可,常态攻击,damage,第二段伤害,第二段伤害,38.14%*3,38.14%*3,20,
same,洛可可,常态攻击,damage,第三段伤害,第三段伤害,33.80%*2+101.40%,33.80%*2 + 101.40%,20,
same,洛可可,常态攻击,damage,第四段伤害,第四段伤害,104.19%*2,104.19%*2,20,
same,洛可可,常态攻击,damage,重击伤害,重击伤害,168.99%,168.99%,20,
same,洛可可,常态攻击,damage,空中攻击伤害,空中攻击伤害,104.78%,104.78%,20,
same,洛可可,常态攻击,damage,闪避反击伤害,闪避反击伤害,68.90%*3,68.90%*3,20,
unmapped_official,洛可可,共鸣技能,damage,技能伤害,,,61.47%*8,,
same,洛可可,共鸣回路,damage,第一段伤害,第一段伤害,322.08%,322.08%,20,
same,洛可可,共鸣回路,damage,第二段伤害,第二段伤害,339.97%,339.97%,20,
same,洛可可,共鸣回路,damage,第三段伤害,第三段伤害,357.86%,357.86%,20,
unmapped_official,洛可可,共鸣解放,damage,技能伤害,,,278.34%*3,,
unmapped_official,洛可可,变奏技能,damage,技能伤害,,,168.99%,,
same,珂莱塔,常态攻击,damage,普攻第一段伤害,普攻第一段伤害,54.08%,54.08%,20,
same,珂莱塔,常态攻击,damage,普攻第二段伤害,普攻第二段伤害,39.55%+39.55%+52.73%,39.55% + 39.55% + 52.73%,20,
same,珂莱塔,常态攻击,damage,必要性手段第一段伤害,必要性手段第一段伤害,65.91%,65.91%,20,
same,珂莱塔,常态攻击,damage,必要性手段第二段伤害,必要性手段第二段伤害,60.08%+73.43%,60.08% + 73.43%,20,
same,珂莱塔,常态攻击,damage,必要性手段第三段伤害,必要性手段第三段伤害,139.93%+23.33%*4,139.93% + 23.33%*4,20,
same,珂莱塔,常态攻击,damage,重击伤害,重击伤害,22.82%*2+22.82%*2+60.84%,22.82%*2 + 22.82%*2 + 60.84%,20,
same,珂莱塔,常态攻击,damage,限制性策略伤害,限制性策略伤害,34.23%*2+34.23%*2+91.26%,34.23%*2 + 34.23%*2 + 91.26%,20,
same,珂莱塔,常态攻击,damage,空中攻击伤害,空中攻击伤害,104.78%,104.78%,20,
same,珂莱塔,常态攻击,damage,礼节性问候伤害,礼节性问候伤害,107.99%+131.99%,107.99% + 131.99%,20,
same,珂莱塔,常态攻击,damage,闪避反击伤害,闪避反击伤害,103.77%+137.55%,103.77% + 137.55%,20,
unmapped_official,珂莱塔,共鸣技能,damage,技能伤害,,,144.11% + 144.11%,,
same,珂莱塔,共鸣技能,damage,示我璀璨伤害,示我璀璨伤害,112.73%+112.73%+338.18%,112.73% + 112.73% + 338.18%,20,
same,珂莱塔,共鸣回路,damage,末路见行伤害,末路见行伤害,66.83%*5+501.21%,66.83%*5 + 501.21%,20,
unmapped_official,珂莱塔,共鸣解放,damage,技能伤害,,,402.71%,,
same,珂莱塔,共鸣解放,damage,死兆伤害,死兆伤害,183.64%+14.50%*4,183.64% + 14.50%*4,20,
same,珂莱塔,共鸣解放,damage,致死以终伤害,致死以终伤害,644.33%,644.33%,20,
unmapped_official,珂莱塔,变奏技能,damage,技能伤害,,,178.93% + 59.65%*2,,
same,椿,常态攻击,damage,第一段伤害,第一段伤害,62.53%,62.53%,20,
same,椿,常态攻击,damage,第二段伤害,第二段伤害,46.48%*2,46.48%*2,20,
same,椿,常态攻击,damage,第三段伤害,第三段伤害,50.70%*3,50.70%*3,20,
same,椿,常态攻击,damage,第四段伤害,第四段伤害,24.70%*20,24.70%*20,20,
same,椿,常态攻击,damage,第五段伤害,第五段伤害,48.17%*4,48.17%*4,20,
same,椿,常态攻击,damage,重击伤害,重击伤害,88.14%*3,88.14%*3,20,
same,椿,常态攻击,damage,空中攻击伤害,空中攻击伤害,65.61%*2,65.61%*2,20,
same,椿,常态攻击,damage,闪避反击伤害,闪避反击伤害,99.40%*3,99.40%*3,20,
same,椿,共鸣技能,damage,红椿盛绽伤害,红椿盛绽伤害,113.62%*2,113.62%*2,20,
same,椿,共鸣技能,damage,蔓舞第一段伤害,蔓舞第一段伤害,96.33%,96.33%,20,
same,椿,共鸣技能,damage,蔓舞第二段伤害,蔓舞第二段伤害,45.63%*2,45.63%*2,20,
same,椿,共鸣技能,damage,蔓舞第三段伤害,蔓舞第三段伤害,21.95%*6,21.95%*6,20,
same,椿,共鸣技能,damage,蔓舞第四段伤害,蔓舞第四段伤害,67.59%*3,67.59%*3,20,
same,椿,共鸣技能,damage,烬华蔓舞伤害,烬华蔓舞伤害,21.95%*19,21.95%*19,20,
same,椿,共鸣技能,damage,黯蕊猎心伤害,黯蕊猎心伤害,52.61%*5,52.61%*5,20,
same,椿,共鸣技能,damage,旋舞伤害,旋舞伤害,52.95%*3,52.95%*3,20,
same,椿,共鸣技能,damage,偿赎伤害,偿赎伤害,113.33%*2,113.33%*2,20,
same,椿,共鸣回路,damage,一日花伤害,一日花伤害,1262.45%,1262.45%,20,
unmapped_official,椿,共鸣解放,damage,技能伤害,,,1202.81%,,
unmapped_official,椿,变奏技能,damage,技能伤害,,,198.81%,,
same,守岸人,常态攻击,damage,普攻第一段伤害,普攻第一段伤害,31.78%,31.78%,20,
same,守岸人,常态攻击,damage,普攻第二段伤害,普攻第二段伤害,23.86%*2,23.86%*2,20,
same,守岸人,常态攻击,damage,普攻第三段伤害,普攻第三段伤害,23.32%*3,23.32%*3,20,
same,守岸人,常态攻击,damage,普攻第四段伤害,普攻第四段伤害,72.72%,72.72%,20,
same,守岸人,常态攻击,damage,重击伤害,重击伤害,45.81%,45.81%,20,
same,守岸人,常态攻击,damage,下落攻击伤害,下落攻击伤害,73.96%,73.96%,20,
same,守岸人,常态攻击,damage,闪避反击伤害,闪避反击伤害,87.48%*2,87.48%*2,20,
same,守岸人,共鸣技能,damage,黯星·蝶伤害,黯星·蝶伤害,31.31%,31.31%,20,
equivalent,守岸人,共鸣技能,healing,治疗量,治疗量,1313+5.97%,1313 + 5.97%生命,20,
same,守岸人,共鸣回路,damage,耀星·蝶伤害,耀星·蝶伤害,37.29%,37.29%,20,
same,守岸人,共鸣回路,damage,演绎伤害,演绎伤害,18.97%*5,18.97%*5,20,
same,守岸人,共鸣回路,damage,衍变伤害,衍变伤害,73.96%,73.96%,20,
equivalent,守岸人,共鸣解放,healing,治疗量,治疗量,438+2.39%,438 + 2.39%生命,20,
same,守岸人,变奏技能,damage,启迪伤害,启迪伤害,45.30%*5,45.30%*5,20,
equivalent,守岸人,变奏技能,damage,洞悉伤害,洞悉伤害,19.64%*3,19.64%*3生命,20,
equivalent,守岸人,变奏技能,healing,启迪治疗量,启迪治疗量,259+1.20%,259 + 1.20%生命,20,
equivalent,守岸人,变奏技能,healing,洞悉治疗量,洞悉治疗量,289+1.32%,289 + 1.32%生命,20,
same,折枝,常态攻击,damage,第一段伤害,第一段伤害,41.76%*2,41.76%*2,19,
same,折枝,常态攻击,damage,第二段伤害,第二段伤害,20.55%*5,20.55%*5,19,
same,折枝,常态攻击,damage,第三段伤害,第三段伤害,133.61%,133.61%,19,
same,折枝,常态攻击,damage,重击伤害,重击伤害,112.72%,112.72%,19,
same,折枝,常态攻击,damage,空中攻击伤害,空中攻击伤害,24.95%*5+104.78%,24.95%*5 + 104.78%,19,
same,折枝,常态攻击,damage,闪避反击伤害,闪避反击伤害,29.07%*5,29.07%*5,19,
same,折枝,共鸣技能,damage,短按技能伤害,短按技能伤害,98.42%*3,98.42%*3,19,
same,折枝,共鸣技能,damage,长按技能伤害,长按技能伤害,98.42%*3,98.42%*3,19,
same,折枝,共鸣技能,damage,空中短按伤害,空中短按伤害,98.42%*3,98.42%*3,19,
same,折枝,共鸣回路,damage,重击·构形伤害,重击·构形伤害,83.01%*3,83.01%*3,19,
same,折枝,共鸣回路,damage,神来之笔伤害,神来之笔伤害,298.22%,298.22%,19,
same,折枝,共鸣回路,damage,极意·神来之笔伤害,极意·神来之笔伤害,119.29%*3,119.29%*3,19,
same,折枝,共鸣解放,damage,墨鹤伤害,墨鹤伤害,65.21%,65.21%,19,
unmapped_official,折枝,变奏技能,damage,技能伤害,,,86.16%*3,,
same,相里要,常态攻击,damage,第一段伤害,第一段伤害,33.11%*2,33.11%*2,20,
same,相里要,常态攻击,damage,第二段伤害,第二段伤害,99.61%,99.61%,20,
same,相里要,常态攻击,damage,第三段伤害,第三段伤害,39.76%*3,39.76%*3,20,
same,相里要,常态攻击,damage,第四段伤害,第四段伤害,53.05%*2+26.53%,53.05%*2 + 26.53%,20,
same,相里要,常态攻击,damage,第五段伤害,第五段伤害,198.81%,198.81%,20,
same,相里要,常态攻击,damage,重击伤害,重击伤害,82.81%*2,82.81%*2,20,
same,相里要,常态攻击,damage,空中攻击伤害,空中攻击伤害,123.27%,123.27%,20,
same,相里要,常态攻击,damage,闪避反击伤害,闪避反击伤害,238.58%,238.58%,20,
unmapped_official,相里要,共鸣技能,damage,技能伤害,,,198.81%,,
same,相里要,共鸣回路,damage,应刃伤害,应刃伤害,397.82%,397.82%,20,
same,相里要,共鸣回路,damage,万方法则伤害,万方法则伤害,95.73%*4+255.28%,95.73%*4 + 255.28%,20,
same,相里要,共鸣回路,damage,解裂重构伤害,解裂重构伤害,21.87%*4+65.61%*2,21.87%*4 + 65.61%*2,20,
same,相里要,共鸣解放,damage,思维矩阵伤害,思维矩阵伤害,1466.06%,1466.06%,20,
same,相里要,共鸣解放,damage,枢机·勘破第一段伤害,枢机·勘破第一段伤害,119.67%,119.67%,20,
same,相里要,共鸣解放,damage,枢机·勘破第二段伤害,枢机·勘破第二段伤害,60.92%*4,60.92%*4,20,
same,相里要,共鸣解放,damage,枢机·勘破第三段伤害,枢机·勘破第三段伤害,133.25%*2,133.25%*2,20,
same,相里要,共鸣解放,damage,一相万殊伤害,一相万殊伤害,49.59%*3+173.55%*2,49.59%*3 + 173.55%*2,20,
same,相里要,共鸣解放,damage,知无定形伤害,知无定形伤害,38.83%*2+310.58%,38.83%*2 + 310.58%,20,
unmapped_official,相里要,变奏技能,damage,技能伤害,,,99.41%*2,,
same,长离,常态攻击,damage,普攻第一段伤害,普攻第一段伤害,29.49%*2,29.49%*2,19,
same,长离,常态攻击,damage,普攻第二段伤害,普攻第二段伤害,35.49%*2,35.49%*2,19,
same,长离,常态攻击,damage,普攻第三段伤害,普攻第三段伤害,36.45%*3,36.45%*3,19,
same,长离,常态攻击,damage,普攻第四段伤害,普攻第四段伤害,50.70%+29.58%*4,50.70% + 29.58%*4,19,
same,长离,常态攻击,damage,空中攻击第一段伤害,空中攻击第一段伤害,61.35%,61.35%,19,
same,长离,常态攻击,damage,空中攻击第二段伤害,空中攻击第二段伤害,50.87%*2,50.87%*2,19,
same,长离,常态攻击,damage,空中攻击第三段伤害,空中攻击第三段伤害,44.00%*3,44.00%*3,19,
same,长离,常态攻击,damage,空中攻击第四段伤害,空中攻击第四段伤害,38.03%+22.18%*4,38.03% + 22.18%*4,19,
same,长离,共鸣技能,damage,心眼·劫伤害,心眼·劫伤害,81.88%*3+163.76%,81.88%*3 + 163.76%,19,
same,长离,共鸣技能,damage,心眼·征伤害,心眼·征伤害,58.95%*2+82.52%+94.31%,58.95%*2 + 82.52% + 94.31%,19,
same,长离,共鸣技能,damage,心眼·冲伤害,心眼·冲伤害,72.68%+109.02%,72.68% + 109.02%,19,
same,长离,共鸣回路,damage,焚身以火伤害,焚身以火伤害,39.25%*5+457.85%,39.25%*5 + 457.85%,19,
unmapped_official,长离,共鸣解放,damage,技能伤害,,,1212.75%,,
unmapped_official,长离,变奏技能,damage,技能伤害,,,44.50% + 25.96%*4,,
same,今汐,常态攻击,damage,第一段伤害,第一段伤害,66.47%,66.47%,19,
same,今汐,常态攻击,damage,第二段伤害,第二段伤害,38.99%+19.50%*3,38.99% + 19.50%*3,19,
same,今汐,常态攻击,damage,第三段伤害,第三段伤害,10.65%*7+31.94%,10.65%*7 + 31.94%,19,
same,今汐,常态攻击,damage,第四段伤害,第四段伤害,63.09%+94.63%,63.09% + 94.63%,19,
same,今汐,常态攻击,damage,重击伤害,重击伤害,23.86%*5+35.79%+83.51%,23.86%*5 + 35.79% + 83.51%,19,
same,今汐,常态攻击,damage,空中攻击伤害,空中攻击伤害,12.33%+24.66%+86.29%,12.33% + 24.66% + 86.29%,19,
same,今汐,常态攻击,damage,闪避反击伤害,闪避反击伤害,14.68%*7+44.02%,14.68%*7 + 44.02%,19,
unmapped_official,今汐,共鸣技能,damage,流光夕影伤害,,,19.46%*4 + 77.84%,,
same,今汐,共鸣技能,damage,神霓飞芒伤害,神霓飞芒伤害,9.87%*4+29.59%*4+39.45%,9.87%*4 + 29.59%*4 + 39.45%,19,
same,今汐,共鸣回路,damage,凌霄·普攻第一段伤害,凌霄·普攻第一段伤害,88.62%,88.62%,19,
same,今汐,共鸣回路,damage,凌霄·普攻第二段伤害,凌霄·普攻第二段伤害,77.97%+25.99%+25.99%,77.97% + 25.99% + 25.99%,19,
same,今汐,共鸣回路,damage,凌霄·普攻第三段伤害,凌霄·普攻第三段伤害,99.44%+66.30%,99.44% + 66.30%,19,
same,今汐,共鸣回路,damage,凌霄·普攻第四段伤害,凌霄·普攻第四段伤害,18.67%*6+74.67%,18.67%*6 + 74.67%,19,
same,今汐,共鸣回路,damage,凌霄·重击伤害,凌霄·重击伤害,47.72%+111.34%,47.72% + 111.34%,19,
same,今汐,共鸣回路,damage,凌霄·闪避反击伤害,凌霄·闪避反击伤害,43.89%+32.92%*2+109.71%,43.89% + 32.92%*2 + 109.71%,19,
same,今汐,共鸣回路,damage,逐天取月技能伤害,逐天取月技能伤害,100.76%+75.57%*2+251.90%,100.76% + 75.57%*2 + 251.90%,19,
same,今汐,共鸣回路,damage,惊龙破空·熠日伤害,惊龙破空·熠日伤害,19.89%*6,19.89%*6,19,
same,今汐,共鸣回路,damage,惊龙破空·炳星伤害,惊龙破空·炳星伤害,347.92%,347.92%,19,
unmapped_official,今汐,共鸣解放,damage,技能伤害,,,499.81% + 1166.22%,,
unmapped_official,今汐,变奏技能,damage,技能伤害,,,159.05%,,
same,吟霖,常态攻击,damage,第一段伤害,第一段伤害,28.81%,28.81%,20,
same,吟霖,常态攻击,damage,第二段伤害,第二段伤害,33.82%*2,33.82%*2,20,
same,吟霖,常态攻击,damage,第三段伤害,第三段伤害,13.99%*7,13.99%*7,20,
same,吟霖,常态攻击,damage,第四段伤害,第四段伤害,75.16%,75.16%,20,
same,吟霖,常态攻击,damage,重击伤害,重击伤害,29.83%*2,29.83%*2,20,
same,吟霖,常态攻击,damage,空中攻击伤害,空中攻击伤害,123.27%,123.27%,20,
same,吟霖,常态攻击,damage,闪避反击伤害,闪避反击伤害,24.22%*7,24.22%*7,20,
same,吟霖,共鸣技能,damage,磁殛咆哮伤害,磁殛咆哮伤害,59.65%*3,59.65%*3,20,
same,吟霖,共鸣技能,damage,召雷磁爆伤害,召雷磁爆伤害,89.47%*4,89.47%*4,20,
same,吟霖,共鸣技能,damage,磁殛爆发伤害,磁殛爆发伤害,19.89%,19.89%,20,
same,吟霖,共鸣回路,damage,千面魅影伤害,千面魅影伤害,178.93%*2,178.93%*2,20,
same,吟霖,共鸣回路,damage,审判之雷伤害,审判之雷伤害,78.64%,78.64%,20,
unmapped_official,吟霖,共鸣解放,damage,技能伤害,,,116.56%*7,,
unmapped_official,吟霖,变奏技能,damage,技能伤害,,,14.32%*10,,
same,忌炎,常态攻击,damage,第一段伤害,第一段伤害,73.16%,73.16%,20,
same,忌炎,常态攻击,damage,第二段伤害,第二段伤害,43.73%,43.73%,20,
same,忌炎,常态攻击,damage,第三段伤害,第三段伤害,36.38%*5,36.38%*5,20,
same,忌炎,常态攻击,damage,第四段伤害,第四段伤害,66.20%*2,66.20%*2,20,
same,忌炎,常态攻击,damage,第五段伤害,第五段伤害,23.60%*7+153.45%*2,23.60%*7+153.45%*2,20,
same,忌炎,常态攻击,damage,重击伤害,重击伤害,22.20%*6,22.20%*6,20,
same,忌炎,常态攻击,damage,凌空击伤害,凌空击伤害,105.96%,105.96%,20,
same,忌炎,常态攻击,damage,潜渊斩伤害,潜渊斩伤害,81.71%,81.71%,20,
same,忌炎,常态攻击,damage,空中攻击伤害,空中攻击伤害,123.26%,123.26%,20,
same,忌炎,常态攻击,damage,长空不坠伤害,长空不坠伤害,79.52%,79.52%,20,
same,忌炎,常态攻击,damage,空中攻击追击伤害,空中攻击追击伤害,155.66%,155.66%,20,
rounding_equivalent,忌炎,常态攻击,damage,闪避反击伤害,闪避反击伤害,125.84%*2,125.85%*2,20,
unmapped_official,忌炎,共鸣技能,damage,技能伤害,,,106.36%*4,,
same,忌炎,共鸣回路,damage,苍躣八荒·后动伤害,苍躣八荒·后动伤害,142.91%*2+428.73%,142.91%*2+428.73%,20,
same,忌炎,共鸣解放,damage,破阵之枪第一段伤害,破阵之枪第一段伤害,65.52%*8,65.52%*8,20,
same,忌炎,共鸣解放,damage,破阵之枪第二段伤害,破阵之枪第二段伤害,61.55%*8,61.55%*8,20,
same,忌炎,共鸣解放,damage,破阵之枪第三段伤害,破阵之枪第三段伤害,66.76%*8,66.76%*8,20,
unmapped_official,忌炎,变奏技能,damage,技能伤害,,,198.81%,,
same,漂泊者·气动,常态攻击,damage,第一段伤害,第一段伤害,35.31%,35.31%,20,
same,漂泊者·气动,常态攻击,damage,第二段伤害,第二段伤害,43.05%*2,43.05%*2,20,
composite_equivalent,漂泊者·气动,常态攻击,damage,第三段伤害,第三段伤害,55.05%+1.99%*25,55.05%,20,飞刃伤害
same,漂泊者·气动,常态攻击,damage,第四段伤害,第四段伤害,76.72%,76.72%,20,
unmapped_official,漂泊者·气动,常态攻击,damage,飞刃伤害,,,1.99%*25,,
same,漂泊者·气动,常态攻击,damage,重击伤害,重击伤害,17.91%*3,17.91%*3,20,
same,漂泊者·气动,常态攻击,damage,绞息伤害,绞息伤害,36.37%+44.46%,36.37% + 44.46%,20,
same,漂泊者·气动,常态攻击,damage,空中攻击伤害,空中攻击伤害,140.76%,140.76%,20,
composite_equivalent,漂泊者·气动,常态攻击,damage,闪避反击伤害,闪避反击伤害,125.43%+1.99%*25,125.43%,20,飞刃伤害
same,漂泊者·气动,共鸣技能,damage,苍息破象伤害,苍息破象伤害,66.44%+99.66%,66.44% + 99.66%,20,
same,漂泊者·气动,共鸣技能,damage,碧霄断行伤害,碧霄断行伤害,23.37%*3+105.15%,23.37%*3 + 105.15%,20,
same,漂泊者·气动,共鸣回路,damage,抃风儛润第一段伤害,抃风儛润第一段伤害,128.80%,128.80%,20,
same,漂泊者·气动,共鸣回路,damage,抃风儛润第二段伤害,抃风儛润第二段伤害,141.47%,141.47%,20,
same,漂泊者·气动,共鸣回路,damage,缥缈无相第一段伤害,缥缈无相第一段伤害,34.30%*5,34.30%*5,20,
same,漂泊者·气动,共鸣回路,damage,缥缈无相第二段伤害,缥缈无相第二段伤害,723.03%,723.03%,20,
same,漂泊者·气动,共鸣回路,healing,抃风儛润治疗量,抃风儛润治疗量,627+23.10%,627 + 23.10%,20,
unmapped_official,漂泊者·气动,共鸣解放,damage,技能伤害,,,536.79%,,
same,漂泊者·气动,共鸣解放,healing,治疗量,治疗量,2090+77.00%,2090 + 77.00%,20,
unmapped_official,漂泊者·气动,变奏技能,damage,技能伤害,,,79.53% + 119.29%,,
same,鉴心,常态攻击,damage,第一段伤害,第一段伤害,69.46%,69.46%,19,
same,鉴心,常态攻击,damage,第二段伤害,第二段伤害,26.64%*2+79.90%,26.64%*2+79.90%,20,
same,鉴心,常态攻击,damage,第三段伤害,第三段伤害,41.75%*4,41.75%*4,20,
same,鉴心,常态攻击,damage,第四段伤害,第四段伤害,113.40%,113.40%,20,
same,鉴心,常态攻击,damage,重击伤害,重击伤害,126.07%,126.07%,20,
same,鉴心,常态攻击,damage,空中攻击伤害,空中攻击伤害,123.27%,123.27%,19,
unmapped_official,鉴心,常态攻击,damage,极限闪避反击伤害,,,40.83%*2+163.29%,,
same,鉴心,共鸣技能,damage,行气反击伤害,行气反击伤害,334.60%,334.60%,19,
same,鉴心,共鸣技能,damage,降气反击伤害,降气反击伤害,258.73%,258.73%,20,
same,鉴心,共鸣回路,damage,冲拳伤害,冲拳伤害,248.52%,248.52%,19,
same,鉴心,共鸣回路,damage,运气持续伤害,运气持续伤害,24.86%,24.86%,19,
same,鉴心,共鸣回路,damage,小周天震气伤害,小周天震气伤害,139.17%,139.17%,19,
same,鉴心,共鸣回路,damage,大周天·内震气伤害,大周天·内震气伤害,377.74%,377.74%,19,
same,鉴心,共鸣回路,damage,大周天·外震气伤害,大周天·外震气伤害,516.91%,516.91%,19,
same,鉴心,共鸣回路,damage,推手伤害,推手伤害,218.70%,218.70%,19,
same,鉴心,共鸣解放,damage,共鸣解放持续伤害,共鸣解放持续伤害,29.83%,29.83%,19,
same,鉴心,共鸣解放,damage,共鸣解放炸裂伤害,共鸣解放炸裂伤害,636.20%,636.20%,19,
unmapped_official,鉴心,变奏技能,damage,技能伤害,,,33.80%*3+67.60%,,
same,卡卡罗,常态攻击,damage,第一段伤害,第一段伤害,45.73%*2,45.73%*2,20,
same,卡卡罗,常态攻击,damage,第二段伤害,第二段伤害,99.41%,99.41%,20,
same,卡卡罗,常态攻击,damage,第三段伤害,第三段伤害,85.18%+42.59%*3,85.18%+42.59%*3,20,
same,卡卡罗,常态攻击,damage,第四段伤害,第四段伤害,79.51%*2+106.01%,79.51%*2+106.01%,20,
same,卡卡罗,常态攻击,damage,重击伤害,重击伤害,41.36%*5,41.36%*5,20,
same,卡卡罗,常态攻击,damage,空中攻击伤害,空中攻击伤害,123.27%,123.27%,20,
same,卡卡罗,常态攻击,damage,闪避反击伤害,闪避反击伤害,66.48%*3+85.47%,66.48%*3+85.47%,20,
same,卡卡罗,共鸣技能,damage,灭杀指令第一段伤害,灭杀指令第一段伤害,51.57%*2+68.76%,51.57%*2+68.76%,20,
same,卡卡罗,共鸣技能,damage,灭杀指令第二段伤害,灭杀指令第二段伤害,77.36%*2+103.14%,77.36%*2+103.14%,20,
same,卡卡罗,共鸣技能,damage,灭杀指令第三段伤害,灭杀指令第三段伤害,214.87%*2,214.87%*2,20,
same,卡卡罗,共鸣回路,damage,「仁慈」伤害,「仁慈」伤害,39.11%*8+78.22%,39.11%*8+78.22%,20,
same,卡卡罗,共鸣回路,damage,「死告」伤害,「死告」伤害,97.77%*8+195.53%,97.77%*8+195.53%,20,
unmapped_official,卡卡罗,共鸣解放,damage,技能伤害,,,596.43%,,
same,卡卡罗,共鸣解放,damage,「必要的手段」伤害,「必要的手段」伤害,198.81%*2,198.81%*2,20,
same,卡卡罗,共鸣解放,damage,重击伤害,重击伤害,62.03%*5,62.03%*5,20,
same,卡卡罗,共鸣解放,damage,闪避反击伤害,闪避反击伤害,56.99%*6,56.99%*6,20,
unmapped_official,卡卡罗,变奏技能,damage,技能伤害,,,39.77%*2+59.65%*2,,
same,安可,常态攻击,damage,第一段伤害,第一段伤害,55.66%,55.66%,20,
same,安可,常态攻击,damage,第二段伤害,第二段伤害,66.20%,66.20%,20,
same,安可,常态攻击,damage,第三段伤害,第三段伤害,66.30%*2,66.30%*2,20,
same,安可,常态攻击,damage,第四段伤害,第四段伤害,38.27%*4,38.27%*4,20,
same,安可,常态攻击,damage,咩咩伤害,咩咩伤害,238.57%,238.57%,20,
same,安可,常态攻击,damage,重击伤害,重击伤害,187.08%,187.08%,20,
same,安可,常态攻击,damage,闪避反击伤害,闪避反击伤害,125.94%*2,125.94%*2,20,
same,安可,共鸣技能,damage,热力羊咩伤害,热力羊咩伤害,76.61%*8,76.61%*8,20,
same,安可,共鸣技能,damage,热情欢迎式伤害,热情欢迎式伤害,339.16%,339.16%,20,
same,安可,共鸣回路,damage,白咩·失控之炎伤害,白咩·失控之炎伤害,334.00%,334.00%,20,
same,安可,共鸣回路,damage,黑咩·暴走之炎伤害,黑咩·暴走之炎伤害,46.42%*6+495.21%,46.42%*6+495.21%,20,
same,安可,共鸣解放,damage,黑咩·胡闹第一段伤害,黑咩·胡闹第一段伤害,90.18%*2,90.18%*2,20,
same,安可,共鸣解放,damage,黑咩·胡闹第二段伤害,黑咩·胡闹第二段伤害,56.40%*3,56.40%*3,20,
same,安可,共鸣解放,damage,黑咩·胡闹第三段伤害,黑咩·胡闹第三段伤害,65.99%*4,65.99%*4,20,
same,安可,共鸣解放,damage,黑咩·胡闹第四段伤害,黑咩·胡闹第四段伤害,194.01%*3,194.01%*3,20,
same,安可,共鸣解放,damage,黑咩·重击伤害,黑咩·重击伤害,217.58%,217.58%,20,
same,安可,共鸣解放,damage,黑咩·狂热伤害,黑咩·狂热伤害,63.32%*4,63.32%*4,20,
same,安可,共鸣解放,damage,黑咩·闪避反击伤害,黑咩·闪避反击伤害,65.99%*4,65.99%*4,20,
unmapped_official,安可,变奏技能,damage,技能伤害,,,198.81%,,
same,维里奈,常态攻击,damage,第一段伤害,第一段伤害,37.86%,37.86%,20,
same,维里奈,常态攻击,damage,第二段伤害,第二段伤害,51.16%,51.16%,20,
same,维里奈,常态攻击,damage,第三段伤害,第三段伤害,25.58%*2,25.58%*2,20,
same,维里奈,常态攻击,damage,第四段伤害,第四段伤害,67.32%,67.32%,20,
same,维里奈,常态攻击,damage,第五段伤害,第五段伤害,71.62%,71.62%,20,
same,维里奈,常态攻击,damage,重击伤害,重击伤害,99.41%,99.41%,20,
same,维里奈,常态攻击,damage,空中攻击第一段伤害,空中攻击第一段伤害,56.37%,56.37%,20,
same,维里奈,常态攻击,damage,空中攻击第二段伤害,空中攻击第二段伤害,53.19%,53.19%,20,
same,维里奈,常态攻击,damage,空中攻击第三段伤害,空中攻击第三段伤害,25.42%*3,25.42%*3,20,
same,维里奈,常态攻击,damage,空中重击伤害,空中重击伤害,61.64%,61.64%,20,
same,维里奈,常态攻击,damage,闪避反击伤害,闪避反击伤害,129.23%,129.23%,20,
unmapped_official,维里奈,共鸣技能,damage,技能伤害,,,35.79%*3+71.58%,,
same,维里奈,共鸣回路,damage,重击·星星花绽放伤害,重击·星星花绽放伤害,64.95%+97.42%,64.95%+97.42%,20,
same,维里奈,共鸣回路,damage,空中攻击·星星花绽放第一段伤害,空中攻击·星星花绽放第一段伤害,67.64%,67.64%,20,
same,维里奈,共鸣回路,damage,空中攻击·星星花绽放第二段伤害,空中攻击·星星花绽放第二段伤害,63.82%,63.82%,20,
same,维里奈,共鸣回路,damage,空中攻击·星星花绽放第三段伤害,空中攻击·星星花绽放第三段伤害,30.50%*3,30.50%*3,20,
same,维里奈,共鸣回路,healing,星星花绽放治疗量,星星花绽放治疗量,1188+29.75%,1188+29.75%,20,
unmapped_official,维里奈,共鸣解放,damage,技能伤害,,,198.81%,,
same,维里奈,共鸣解放,damage,协同攻击伤害,协同攻击伤害,9.95%,9.95%,20,
same,维里奈,共鸣解放,healing,草木生长治疗量,草木生长治疗量,950+23.80%,950+23.80%,20,
same,维里奈,共鸣解放,healing,协同攻击治疗量,协同攻击治疗量,428+10.71%,428+10.71%,20,
unmapped_official,维里奈,变奏技能,damage,技能伤害,,,99.41%,,
same,凌阳,常态攻击,damage,第一段伤害,第一段伤害,59.65%,59.65%,20,
same,凌阳,常态攻击,damage,第二段伤害,第二段伤害,79.53%,79.53%,20,
same,凌阳,常态攻击,damage,第三段伤害,第三段伤害,72.87%*2,72.87%*2,20,
same,凌阳,常态攻击,damage,第四段伤害,第四段伤害,20.41%*5+43.72%,20.41%*5+43.72%,20,
same,凌阳,常态攻击,damage,第五段伤害,第五段伤害,152.49%,152.49%,20,
same,凌阳,常态攻击,damage,崩拳·当头咆哮伤害,崩拳·当头咆哮伤害,79.53%*2,79.53%*2,20,
same,凌阳,常态攻击,damage,重击伤害,重击伤害,145.73%,145.73%,20,
same,凌阳,常态攻击,damage,空中攻击伤害,空中攻击伤害,123.27%,123.27%,20,
same,凌阳,常态攻击,damage,闪避反击伤害,闪避反击伤害,126.05%*2,126.05%*2,20,
same,凌阳,共鸣技能,damage,冲掌·势式相承伤害,冲掌·势式相承伤害,132.61%,132.61%,20,
same,凌阳,共鸣技能,damage,惊跃·郁怒追逃伤害,惊跃·郁怒追逃伤害,76.25%*2,76.25%*2,20,
same,凌阳,共鸣回路,damage,起势·纵地金光伤害,起势·纵地金光伤害,172.37%,172.37%,20,
same,凌阳,共鸣回路,damage,狂态·摇光金狮舞第一段伤害,狂态·摇光金狮舞第一段伤害,87.08%*2+116.11%,87.08%*2+116.11%,20,
same,凌阳,共鸣回路,damage,狂态·摇光金狮舞第二段伤害,狂态·摇光金狮舞第二段伤害,31.77%*6,31.77%*6,20,
same,凌阳,共鸣回路,damage,飞身式·翻山越涧伤害,飞身式·翻山越涧伤害,82.88%*2,82.88%*2,20,
same,凌阳,共鸣回路,damage,凌云式·腿打连环伤害,凌云式·腿打连环伤害,36.03%*8+192.15%,36.03%*8+192.15%,20,
same,凌阳,共鸣回路,damage,登楼·尾坠千斤伤害,登楼·尾坠千斤伤害,174.96%*2,174.96%*2,20,
unmapped_official,凌阳,共鸣解放,damage,技能伤害,,,397.62%,,
unmapped_official,凌阳,变奏技能,damage,技能伤害,,,99.41%*2,,
same,漂泊者·衍射,常态攻击,damage,第一段伤害,第一段伤害,59.15%,59.15%,20,
same,漂泊者·衍射,常态攻击,damage,第二段伤害,第二段伤害,76.05%,76.05%,20,
same,漂泊者·衍射,常态攻击,damage,第三段伤害,第三段伤害,15.21%*5,15.21%*5,20,
same,漂泊者·衍射,常态攻击,damage,第四段伤害,第四段伤害,130.13%,130.13%,20,
unmapped_official,漂泊者·衍射,常态攻击,damage,极限闪避反击伤害,,,195.34%,,
same,漂泊者·衍射,常态攻击,damage,重击伤害,重击伤害,19.27%*5,19.27%*5,20,
same,漂泊者·衍射,常态攻击,damage,鸣奏伤害,鸣奏伤害,76.05%,76.05%,20,
same,漂泊者·衍射,常态攻击,damage,余音伤害,余音伤害,126.75%,126.75%,20,
same,漂泊者·衍射,常态攻击,damage,空中攻击伤害,空中攻击伤害,104.78%,104.78%,20,
unmapped_official,漂泊者·衍射,共鸣技能,damage,技能伤害,,,236.19%,,
same,漂泊者·衍射,共鸣回路,damage,浮声千斩·旋音伤害,浮声千斩·旋音伤害,129.08%*2,129.08%*2,20,
same,漂泊者·衍射,共鸣回路,damage,浮声千斩·旋音飞轮伤害,浮声千斩·旋音飞轮伤害,39.77%,39.77%,20,
same,漂泊者·衍射,共鸣回路,damage,浮声千斩·回声一段伤害,浮声千斩·回声一段伤害,79.53%,79.53%,20,
same,漂泊者·衍射,共鸣回路,damage,浮声千斩·回声二段伤害,浮声千斩·回声二段伤害,159.05%,159.05%,20,
unmapped_official,漂泊者·衍射,共鸣解放,damage,技能伤害,,,198.81%+675.96%,,
unmapped_official,漂泊者·衍射,变奏技能,damage,技能伤害,,,168.99%,,
same,漂泊者·湮灭,常态攻击,damage,第一段伤害,第一段伤害,56.67%,56.67%,20,
same,漂泊者·湮灭,常态攻击,damage,第二段伤害,第二段伤害,56.67%*2,56.67%*2,20,
same,漂泊者·湮灭,常态攻击,damage,第三段伤害,第三段伤害,85.00%,85.00%,20,
same,漂泊者·湮灭,常态攻击,damage,第四段伤害,第四段伤害,40.30%*3,40.30%*3,20,
same,漂泊者·湮灭,常态攻击,damage,第五段伤害,第五段伤害,94.44%*2,94.44%*2,20,
same,漂泊者·湮灭,常态攻击,damage,重击伤害,重击伤害,95.43%,95.43%,20,
same,漂泊者·湮灭,常态攻击,damage,空中攻击伤害,空中攻击伤害,117.10%,117.10%,20,
same,漂泊者·湮灭,常态攻击,damage,闪避反击伤害,闪避反击伤害,179.43%,179.43%,20,
unmapped_official,漂泊者·湮灭,共鸣技能,damage,技能伤害,,,286.29%*2,,
same,漂泊者·湮灭,共鸣回路,damage,灭音伤害,灭音伤害,228.14%,228.14%,20,
same,漂泊者·湮灭,共鸣回路,damage,暗流·普攻第一段伤害,暗流·普攻第一段伤害,56.37%,56.37%,20,
same,漂泊者·湮灭,共鸣回路,damage,暗流·普攻第二段伤害,暗流·普攻第二段伤害,93.94%,93.94%,20,
same,漂泊者·湮灭,共鸣回路,damage,暗流·普攻第三段伤害,暗流·普攻第三段伤害,155.67%,155.67%,20,
same,漂泊者·湮灭,共鸣回路,damage,暗流·普攻第四段伤害,暗流·普攻第四段伤害,37.13%*3+111.39%,37.13%*3+111.39%,20,
same,漂泊者·湮灭,共鸣回路,damage,暗流·普攻第五段伤害,暗流·普攻第五段伤害,28.52%*4+114.07%,28.52%*4+114.07%,20,
same,漂泊者·湮灭,共鸣回路,damage,暗流·重击伤害,暗流·重击伤害,128.83%,128.83%,20,
same,漂泊者·湮灭,共鸣回路,damage,暗流·鸣刃伤害,暗流·鸣刃伤害,126.65%+9.95%*4,126.65%+9.95%*4,20,
same,漂泊者·湮灭,共鸣回路,damage,暗流·下落攻击伤害,暗流·下落攻击伤害,123.27%,123.27%,20,
same,漂泊者·湮灭,共鸣回路,damage,暗流·闪避反击伤害,暗流·闪避反击伤害,316.71%,316.71%,20,
same,漂泊者·湮灭,共鸣回路,damage,暗流·破命伤害,暗流·破命伤害,276.35%*2+9.95%*4,276.35%*2+9.95%*4,20,
unmapped_official,漂泊者·湮灭,共鸣解放,damage,技能伤害,,,1520.90%,,
unmapped_official,漂泊者·湮灭,变奏技能,damage,技能伤害,,,198.81%,,
same,卜灵,常态攻击,damage,第一段伤害,第一段伤害,20.73%*2,20.73%*2,20,
same,卜灵,常态攻击,damage,第二段伤害,第二段伤害,33.45%*2,33.45%*2,20,
same,卜灵,常态攻击,damage,第三段伤害,第三段伤害,23.51%*2,23.51%*2,20,
same,卜灵,常态攻击,damage,第四段伤害,第四段伤害,93.64%,93.64%,20,
same,卜灵,常态攻击,damage,空中攻击伤害,空中攻击伤害,73.96%,73.96%,20,
same,卜灵,常态攻击,damage,闪避反击伤害,闪避反击伤害,23.51%*2,23.51%*2,20,
same,卜灵,常态攻击,damage,重击·山雷颐伤害,重击·山雷颐伤害,178.93%,178.93%,20,
same,卜灵,常态攻击,damage,重击·雷山小过伤害,重击·雷山小过伤害,89.47%,89.47%,20,
same,卜灵,常态攻击,healing,重击·艮为山治疗量,重击·艮为山治疗量,716+135.20%,716+135.20%,20,
same,卜灵,常态攻击,healing,重击·震为雷治疗量,重击·震为雷治疗量,169+18.30%,169+18.30%,20,
same,卜灵,共鸣技能,damage,引雷符伤害,引雷符伤害,58.40%,58.40%,20,
same,卜灵,共鸣技能,damage,牵引持续伤害,牵引持续伤害,5.84%*10,5.84%*10,20,
same,卜灵,共鸣回路,damage,飞雷诀·归一伤害,飞雷诀·归一伤害,536.79%,536.79%,20,
same,卜灵,共鸣回路,damage,五雷荡煞阵持续伤害,五雷荡煞阵持续伤害,19.89%,19.89%,20,
same,卜灵,共鸣解放,damage,飞雷诀伤害,飞雷诀伤害,357.86%,357.86%,20,
unmapped_official,卜灵,变奏技能,damage,技能伤害,,,131.10%,,
same,卜灵,变奏技能,healing,技能治疗量,技能治疗量,696+79.53%,696+79.53%,20,
same,灯灯,常态攻击,damage,红灯·普攻一段伤害,红灯·普攻一段伤害,90.66%,90.66%,20,
same,灯灯,常态攻击,damage,红灯·普攻二段伤害,红灯·普攻二段伤害,107.66%+21.54%*5,107.66% + 21.54%*5,20,
same,灯灯,常态攻击,damage,红灯·普攻三段伤害,红灯·普攻三段伤害,64.60%+150.72%,64.60% + 150.72%,20,
same,灯灯,常态攻击,damage,红灯·重击伤害,红灯·重击伤害,66.11%*2,66.11%*2,20,
same,灯灯,常态攻击,damage,红灯·下落攻击伤害,红灯·下落攻击伤害,113.33%,113.33%,20,
same,灯灯,常态攻击,damage,红灯·闪避反击伤害,红灯·闪避反击伤害,167.30%+33.46%*5,167.30% + 33.46%*5,20,
same,灯灯,共鸣技能,damage,前扑伤害,前扑伤害,181.32%,181.32%,20,
same,灯灯,共鸣技能,damage,后撤伤害,后撤伤害,173.76%,173.76%,20,
same,灯灯,共鸣回路,damage,强光伤害,强光伤害,81.52%,81.52%,20,
same,灯灯,共鸣回路,damage,红灯聚光·普攻一段伤害,红灯聚光·普攻一段伤害,120.25%,120.25%,20,
same,灯灯,共鸣回路,damage,红灯聚光·普攻二段伤害,红灯聚光·普攻二段伤害,138.32%+27.67%*5,138.32% + 27.67%*5,20,
same,灯灯,共鸣回路,damage,红灯聚光·普攻三段伤害,红灯聚光·普攻三段伤害,93.73%+218.69%,93.73% + 218.69%,20,
same,灯灯,共鸣回路,damage,红灯聚光·重击伤害,红灯聚光·重击伤害,88.18%*2,88.18%*2,20,
same,灯灯,共鸣回路,damage,强化前扑伤害,强化前扑伤害,183.31%*2,183.31%*2,20,
same,灯灯,共鸣回路,damage,强化后撤伤害,强化后撤伤害,251.70%,251.70%,20,
same,灯灯,共鸣回路,damage,强光穿射每段伤害,强光穿射每段伤害,74.56%,74.56%,20,
unmapped_official,灯灯,共鸣解放,damage,技能伤害,,,954.29%,,
unmapped_official,灯灯,变奏技能,damage,技能伤害,,,56.33%*3,,
same,秧秧,常态攻击,damage,第一段伤害,第一段伤害,44.73%,44.73%,20,
same,秧秧,常态攻击,damage,第二段伤害,第二段伤害,59.64%,59.64%,20,
same,秧秧,常态攻击,damage,第三段伤害,第三段伤害,46.81%*2,46.81%*2,20,
rounding_equivalent,秧秧,常态攻击,damage,第四段伤害,第四段伤害,59.36%*2+79.14%,59.36%*2+79.15%,20,
same,秧秧,常态攻击,damage,重击伤害,重击伤害,19.88%*3,19.88%*3,20,
same,秧秧,常态攻击,damage,空中攻击伤害,空中攻击伤害,92.44%,92.44%,20,
same,秧秧,常态攻击,damage,风吟伤害,风吟伤害,106.61%,106.61%,20,
same,秧秧,常态攻击,damage,闪避反击伤害,闪避反击伤害,87.07%*2,87.07%*2,20,
unmapped_official,秧秧,共鸣技能,damage,技能伤害,,,34.53%*4+207.19%,,
same,秧秧,共鸣回路,damage,风袭伤害,风袭伤害,38.02%*2,38.02%*2,20,
same,秧秧,共鸣回路,damage,释羽伤害,释羽伤害,21.73%*5+126.81%*2,21.73%*5+126.81%*2,20,
unmapped_official,秧秧,共鸣解放,damage,技能伤害,,,46.58%*12+372.70%,,
unmapped_official,秧秧,变奏技能,damage,技能伤害,,,79.52%*2,,
same,釉瑚,常态攻击,damage,第一段伤害,第一段伤害,47.38%,47.38%,20,
same,釉瑚,常态攻击,damage,第二段伤害,第二段伤害,31.91%+59.26%,31.91% + 59.26%,20,
same,釉瑚,常态攻击,damage,第三段伤害,第三段伤害,38.06%+46.52%,38.06% + 46.52%,20,
same,釉瑚,常态攻击,damage,第四段伤害,第四段伤害,116.35%,116.35%,20,
same,釉瑚,常态攻击,damage,重击·落霜坠伤害,重击·落霜坠伤害,14.45%*6,14.45%*6,20,
same,釉瑚,常态攻击,damage,空中攻击伤害,空中攻击伤害,123.27%,123.27%,20,
same,釉瑚,常态攻击,damage,闪避反击伤害,闪避反击伤害,28.89%*6,28.89%*6,20,
unmapped_official,釉瑚,共鸣技能,damage,技能伤害,,,156.46%,,
same,釉瑚,共鸣技能,damage,编钟伤害,编钟伤害,41.05%+49.85%*3+102.62%,41.05% + 49.85%*3 + 102.62%,20,
same,釉瑚,共鸣技能,damage,如意伤害,如意伤害,137.00%+167.45%,137.00% + 167.45%,20,
same,釉瑚,共鸣技能,damage,鼎伤害,鼎伤害,28.57%*6+114.28%,28.57%*6 + 114.28%,20,
same,釉瑚,共鸣技能,damage,面具伤害,面具伤害,11.46%*9+44.20%,11.46%*9 + 44.20%,20,
same,釉瑚,共鸣技能,healing,匣中问祯治疗量,匣中问祯治疗量,1767+81.90%,1767 + 81.90%,20,
same,釉瑚,共鸣回路,damage,诗中物技能伤害,诗中物技能伤害,37.21%*10,37.21%*10,20,
same,釉瑚,共鸣回路,healing,诗中物治疗量,诗中物治疗量,2002+92.82%,2002 + 92.82%,20,
same,釉瑚,共鸣回路,healing,双关额外治疗量,双关额外治疗量,1178+54.60%,1178 + 54.60%,20,
unmapped_official,釉瑚,共鸣解放,damage,技能伤害,,,327.19%,,
unmapped_official,釉瑚,变奏技能,damage,技能伤害,,,89.47% + 109.35%,,
same,白芷,常态攻击,damage,第一段伤害,第一段伤害,65.48%,65.48%,20,
same,白芷,常态攻击,damage,第二段伤害,第二段伤害,78.57%,78.57%,20,
same,白芷,常态攻击,damage,第三段伤害,第三段伤害,13.10%*7,13.10%*7,20,
same,白芷,常态攻击,damage,第四段伤害,第四段伤害,78.57%,78.57%,20,
same,白芷,常态攻击,damage,重击伤害,重击伤害,48.86%,48.86%,20,
same,白芷,常态攻击,damage,空中攻击伤害,空中攻击伤害,78.89%,78.89%,20,
same,白芷,常态攻击,damage,闪避反击伤害,闪避反击伤害,178.65%,178.65%,20,
unmapped_official,白芷,共鸣技能,damage,技能伤害,,,15.94%生命,,
equivalent,白芷,共鸣技能,healing,治疗量,治疗量,1144+5.76%,1144+5.76%生命,20,
equivalent,白芷,共鸣回路,healing,念意治疗量,念意治疗量,63+0.31%,63+0.31%生命,20,
equivalent,白芷,共鸣解放,damage,频隙回响伤害,频隙回响伤害,4.07%,4.07%生命,20,
equivalent,白芷,共鸣解放,healing,频隙回响治疗量,频隙回响治疗量,694+2.82%,694+2.82%生命,20,
equivalent,白芷,共鸣解放,healing,刹那合弥治疗量,刹那合弥治疗量,617+2.51%,617+2.51%生命,20,
unmapped_official,白芷,变奏技能,damage,技能伤害,,,79.53%,,
equivalent,白芷,变奏技能,healing,覆雪流盈治疗量,覆雪流盈治疗量,150+0.75%,150+0.75%生命,20,
same,炽霞,常态攻击,damage,第一段伤害,第一段伤害,66.21%,66.21%,20,
same,炽霞,常态攻击,damage,第二段伤害,第二段伤害,48.32%*2,48.32%*2,20,
same,炽霞,常态攻击,damage,第三段伤害,第三段伤害,33.55%*4,33.55%*4,20,
same,炽霞,常态攻击,damage,第四段伤害,第四段伤害,232.61%,232.61%,20,
same,炽霞,常态攻击,damage,重击伤害,重击伤害,35.79%,35.79%,20,
same,炽霞,常态攻击,damage,满蓄力重击伤害,满蓄力重击伤害,80.52%,80.52%,20,
same,炽霞,常态攻击,damage,空中攻击伤害,空中攻击伤害,32.21%,32.21%,20,
unmapped_official,炽霞,常态攻击,damage,极限闪避反击伤害,,,339.97%,,
unmapped_official,炽霞,共鸣技能,damage,技能伤害,,,31.81%*8,,
same,炽霞,共鸣回路,damage,热压弹伤害,热压弹伤害,19.89%,19.89%,20,
same,炽霞,共鸣回路,damage,轰轰伤害,轰轰伤害,437.39%,437.39%,20,
unmapped_official,炽霞,共鸣解放,damage,技能伤害,,,954.29%+57.84%*11,,
unmapped_official,炽霞,变奏技能,damage,技能伤害,,,49.21%*2+24.61%*4,,
same,散华,常态攻击,damage,第一段伤害,第一段伤害,48.71%,48.71%,20,
same,散华,常态攻击,damage,第二段伤害,第二段伤害,73.76%,73.76%,20,
same,散华,常态攻击,damage,第三段伤害,第三段伤害,21.58%*4,21.58%*4,20,
same,散华,常态攻击,damage,第四段伤害,第四段伤害,39.67%*2,39.67%*2,20,
same,散华,常态攻击,damage,第五段伤害,第五段伤害,233.81%,233.81%,20,
same,散华,常态攻击,damage,重击伤害,重击伤害,22.27%*5,22.27%*5,20,
same,散华,常态攻击,damage,空中攻击伤害,空中攻击伤害,86.29%,86.29%,20,
unmapped_official,散华,常态攻击,damage,极限闪避反击伤害,,,167.01%,,
unmapped_official,散华,共鸣技能,damage,技能伤害,,,359.85%,,
same,散华,共鸣回路,damage,爆裂伤害,爆裂伤害,186.29%*2,186.29%*2,20,
same,散华,共鸣回路,damage,冰川爆炸伤害,冰川爆炸伤害,139.17%,139.17%,20,
same,散华,共鸣回路,damage,冰棱爆炸伤害,冰棱爆炸伤害,79.53%,79.53%,20,
same,散华,共鸣回路,damage,冰棘爆炸伤害,冰棘爆炸伤害,59.65%,59.65%,20,
unmapped_official,散华,共鸣解放,damage,技能伤害,,,809.48%,,
unmapped_official,散华,变奏技能,damage,技能伤害,,,139.17%,,
same,秋水,常态攻击,damage,第一段伤害,第一段伤害,31.81%,31.81%,20,
same,秋水,常态攻击,damage,第二段伤害,第二段伤害,53.02%,53.02%,20,
same,秋水,常态攻击,damage,第三段伤害,第三段伤害,47.72%*2,47.72%*2,20,
same,秋水,常态攻击,damage,第四段伤害,第四段伤害,50.37%*2,50.37%*2,20,
same,秋水,常态攻击,damage,第五段伤害,第五段伤害,179.73%,179.73%,20,
same,秋水,常态攻击,damage,瞄准伤害,瞄准伤害,35.79%,35.79%,20,
same,秋水,常态攻击,damage,瞄准完全蓄力伤害,瞄准完全蓄力伤害,80.52%,80.52%,20,
same,秋水,常态攻击,damage,闪避反击伤害,闪避反击伤害,214.12%,214.12%,20,
same,秋水,共鸣技能,damage,雾化弹伤害,雾化弹伤害,59.65%,59.65%,20,
same,秋水,共鸣回路,damage,雾化子弹伤害,雾化子弹伤害,59.65%,59.65%,20,
unmapped_official,秋水,共鸣解放,damage,技能伤害,,,397.62%,,
unmapped_official,秋水,变奏技能,damage,技能伤害,,,100.74%*3,,
same,丹瑾,常态攻击,damage,第一段伤害,第一段伤害,57.26%,57.26%,20,
same,丹瑾,常态攻击,damage,第二段伤害,第二段伤害,58.85%,58.85%,20,
same,丹瑾,常态攻击,damage,第三段伤害,第三段伤害,79.53%,79.53%,20,
same,丹瑾,常态攻击,damage,重击伤害,重击伤害,37.12%*3,37.12%*3,20,
same,丹瑾,常态攻击,damage,空中攻击伤害,空中攻击伤害,98.61%,98.61%,20,
unmapped_official,丹瑾,常态攻击,damage,极限闪避反击伤害,,,63.62%*3,,
same,丹瑾,共鸣技能,damage,赤华伤害,赤华伤害,38.18%*2,38.18%*2,20,
same,丹瑾,共鸣技能,damage,朱蚀一段伤害,朱蚀一段伤害,64.42%*2,64.42%*2,20,
same,丹瑾,共鸣技能,damage,朱蚀二段伤害,朱蚀二段伤害,59.65%*2,59.65%*2,20,
same,丹瑾,共鸣技能,damage,烬灭第一段伤害,烬灭第一段伤害,56.07%*2,56.07%*2,20,
same,丹瑾,共鸣技能,damage,烬灭第二段伤害,烬灭第二段伤害,42.95%*3,42.95%*3,20,
same,丹瑾,共鸣技能,damage,烬灭第三段伤害,烬灭第三段伤害,64.42%*3,64.42%*3,20,
same,丹瑾,共鸣回路,damage,缭乱伤害,缭乱伤害,59.65%*7,59.65%*7,20,
same,丹瑾,共鸣回路,damage,纷落伤害,纷落伤害,178.93%,178.93%,20,
same,丹瑾,共鸣回路,damage,满能缭乱伤害,满能缭乱伤害,143.15%*7,143.15%*7,20,
same,丹瑾,共鸣回路,damage,满能纷落伤害,满能纷落伤害,429.43%,429.43%,20,
unmapped_official,丹瑾,共鸣回路,healing,缭乱治疗量,,,36,,
same,丹瑾,共鸣解放,damage,连续攻击伤害,连续攻击伤害,49.09%*8,49.09%*8,20,
same,丹瑾,共鸣解放,damage,绯刹爆发伤害,绯刹爆发伤害,392.65%,392.65%,20,
unmapped_official,丹瑾,变奏技能,damage,技能伤害,,,49.71%*4,,
same,莫特斐,常态攻击,damage,第一段伤害,第一段伤害,48.30%,48.30%,20,
same,莫特斐,常态攻击,damage,第二段伤害,第二段伤害,40.78%*2,40.78%*2,20,
same,莫特斐,常态攻击,damage,第三段伤害,第三段伤害,107.30%,107.30%,20,
same,莫特斐,常态攻击,damage,第四段伤害,第四段伤害,21.02%*4+126.93%,21.02%*4+126.93%,20,
same,莫特斐,常态攻击,damage,瞄准伤害,瞄准伤害,97.70%,97.70%,20,
same,莫特斐,常态攻击,damage,瞄准完全蓄力伤害,瞄准完全蓄力伤害,167.01%,167.01%,20,
same,莫特斐,常态攻击,damage,空中攻击第一段伤害,空中攻击第一段伤害,23.25%,23.25%,20,
same,莫特斐,常态攻击,damage,空中攻击第二段伤害,空中攻击第二段伤害,23.25%,23.25%,20,
same,莫特斐,常态攻击,damage,闪避反击伤害,闪避反击伤害,194.98%,194.98%,20,
unmapped_official,莫特斐,共鸣技能,damage,技能伤害,,,208.76%,,
same,莫特斐,共鸣回路,damage,怒火赋格伤害,怒火赋格伤害,326.05%,326.05%,20,
unmapped_official,莫特斐,共鸣解放,damage,暴烈终曲技能伤害,,,159.05%,,
same,莫特斐,共鸣解放,damage,加强音伤害,加强音伤害,31.81%,31.81%,20,
unmapped_official,莫特斐,变奏技能,damage,技能伤害,,,168.99%,,
same,渊武,常态攻击,damage,第一段伤害,第一段伤害,49.11%,49.11%,20,
same,渊武,常态攻击,damage,第二段伤害,第二段伤害,51.81%*2,51.81%*2,20,
same,渊武,常态攻击,damage,第三段伤害,第三段伤害,21.84%*2+32.76%*2,21.84%*2+32.76%*2,20,
same,渊武,常态攻击,damage,第四段伤害,第四段伤害,51.81%*2,51.81%*2,20,
same,渊武,常态攻击,damage,第五段伤害,第五段伤害,49.11%*2+65.48%,49.11%*2+65.48%,20,
same,渊武,常态攻击,damage,重击伤害,重击伤害,159.05%,159.05%,20,
same,渊武,常态攻击,damage,空中攻击伤害,空中攻击伤害,98.61%,98.61%,20,
same,渊武,常态攻击,damage,闪避反击伤害,闪避反击伤害,114.52%*2,114.52%*2,20,
unmapped_official,渊武,共鸣技能,damage,技能伤害,,,23.86%防御,,
equivalent,渊武,共鸣技能,damage,雷之楔协同攻击伤害,雷之楔协同攻击伤害,7.96%,7.96%防御,20,
equivalent,渊武,共鸣技能,damage,雷之楔引爆伤害,雷之楔引爆伤害,59.65%,59.65%防御,20,
equivalent,渊武,共鸣技能,damage,万壑雷伤害,万壑雷伤害,108.54%,108.54%防御,20,
equivalent,渊武,共鸣回路,damage,掀雷伤害,掀雷伤害,39.77%,39.77%防御,20,
equivalent,渊武,共鸣回路,damage,雷厉风行普攻第一段伤害,雷厉风行普攻第一段伤害,24.56%,24.56%防御,20,
equivalent,渊武,共鸣回路,damage,雷厉风行普攻第二段伤害,雷厉风行普攻第二段伤害,25.91%*2,25.91%*2防御,20,
equivalent,渊武,共鸣回路,damage,雷厉风行普攻第三段伤害,雷厉风行普攻第三段伤害,10.92%*2+16.38%*2,(10.92%*2+16.38%*2)防御,20,
equivalent,渊武,共鸣回路,damage,雷厉风行普攻第四段伤害,雷厉风行普攻第四段伤害,11.46%*5,11.46%*5防御,20,
equivalent,渊武,共鸣回路,damage,雷厉风行普攻第五段伤害,雷厉风行普攻第五段伤害,16.37%*3+32.74%,(16.37%*3+32.74%)防御,20,
equivalent,渊武,共鸣回路,damage,雷厉风行重击伤害,雷厉风行重击伤害,31.02%,31.02%防御,20,
equivalent,渊武,共鸣回路,damage,蹑风追雷伤害,蹑风追雷伤害,31.02%+20.68%*2,(31.02%+20.68%*2)防御,20,
equivalent,渊武,共鸣回路,damage,雷厉风行闪避反击伤害,雷厉风行闪避反击伤害,43.27%+32.45%*2,(43.27%+32.45%*2)防御,20,
unmapped_official,渊武,共鸣解放,damage,技能伤害,,,174.96%*2防御,,
unmapped_official,渊武,变奏技能,damage,技能伤害,,,63.62%防御,,
same,桃祈,常态攻击,damage,第一段伤害,第一段伤害,90.15%,90.15%,20,
same,桃祈,常态攻击,damage,第二段伤害,第二段伤害,84.84%,84.84%,20,
same,桃祈,常态攻击,damage,第三段伤害,第三段伤害,111.34%,111.34%,20,
same,桃祈,常态攻击,damage,第四段伤害,第四段伤害,270.39%,270.39%,20,
same,桃祈,常态攻击,damage,重击攻击伤害,重击攻击伤害,220.37%,220.37%,20,
same,桃祈,常态攻击,damage,重击时伤害减免,重击时伤害减免,35%,35%,10,
equivalent,桃祈,常态攻击,damage,后发制人伤害,后发制人伤害,78.7%,78.70%防御,20,
same,桃祈,常态攻击,damage,空中攻击伤害,空中攻击伤害,123.27%,123.27%,20,
same,桃祈,常态攻击,damage,闪避反击伤害,闪避反击伤害,248.52%,248.52%,20,
unmapped_official,桃祈,共鸣技能,damage,技能伤害,,,134.92%防御,,
equivalent,桃祈,共鸣回路,damage,御反之隙第一段伤害,御反之隙第一段伤害,86.2%,86.2%防御,20,
equivalent,桃祈,共鸣回路,damage,御反之隙第二段伤害,御反之隙第二段伤害,110.93%,110.93%防御,20,
equivalent,桃祈,共鸣回路,damage,御反之隙第三段伤害,御反之隙第三段伤害,145.41%,145.41%防御,20,
unmapped_official,桃祈,共鸣解放,damage,技能伤害,,,449.71%防御,,
unmapped_official,桃祈,变奏技能,damage,技能伤害,,,208.76%,,
unmapped_base,今汐,共鸣技能,,,流光夕影,19.46%*4+77.84%,,19,
unmapped_base,今汐,共鸣解放,,,移岁诛邪,499.81%+1166.22%,,19,
unmapped_base,今汐,变奏技能,,,蟠龙清辉,159.05%,,19,
unmapped_base,今汐,共鸣回路,,,每点【韶光】增加倍率,44.54%,,19,
unmapped_base,散华,常态攻击,,,闪避反击伤害,167.01%,,20,
unmapped_base,散华,共鸣技能,,,朔雪永冻,359.85%,,20,
unmapped_base,散华,共鸣解放,,,焦瞑冻土,809.48%,,20,
unmapped_base,散华,变奏技能,,,凛刺,139.17%,,20,
unmapped_base,凌阳,共鸣解放,,,奋进·狮子奋迅，俱足万行,397.62%,,20,
unmapped_base,凌阳,变奏技能,,,出洞·睡狮蛰醒,99.41%*2,,20,
unmapped_base,折枝,变奏技能,,,柔翰生辉,86.16%*3,,19,
unmapped_base,釉瑚,共鸣技能,,,匣中问祯,156.46%,,20,
unmapped_base,釉瑚,共鸣解放,,,如意卜,327.19%,,20,
unmapped_base,釉瑚,变奏技能,,,遂心匣,89.47%+109.35%,,20,
unmapped_base,珂莱塔,共鸣技能,,,暴力美学,144.11%+144.11%,,20,
unmapped_base,珂莱塔,共鸣解放,,,新浪潮时代,402.71%,,20,
unmapped_base,珂莱塔,变奏技能,,,入冬叹调,178.93%+59.65%*2,,20,
unmapped_base,绯雪,变奏技能,,,霜锋,156.15%,,20,
unmapped_base,白芷,共鸣技能,,,应急预案,15.94%,,20,
unmapped_base,白芷,变奏技能,,,覆雪流盈,79.53%,,20,
unmapped_base,长离,常态攻击,,,重击,28.99%*3+37.27%,,19,
unmapped_base,长离,常态攻击,,,空中重击,123.27%,,19,
unmapped_base,长离,常态攻击,,,闪避反击,82.64%*3,,19,
unmapped_base,长离,共鸣解放,,,离火照丹心,1212.75%,,19,
unmapped_base,长离,变奏技能,,,天道持枢,44.50%+25.96%*4,,19,
unmapped_base,安可,常态攻击,,,空中攻击,123.26%,,20,
unmapped_base,安可,变奏技能,,,咩咩帮手,198.81%,,20,
unmapped_base,炽霞,常态攻击,,,闪避反击伤害,339.97%,,20,
unmapped_base,炽霞,共鸣技能,,,咻咻斗意,31.81%*8,,20,
unmapped_base,炽霞,共鸣解放,,,炽烈焰火,954.29%+57.84%*11,,20,
unmapped_base,炽霞,变奏技能,,,堂堂登场,49.21%*2+24.61%*4,,20,
unmapped_base,莫特斐,共鸣技能,,,激昂变奏,208.76%,,20,
unmapped_base,莫特斐,共鸣解放,,,暴烈终曲伤害,159.05%,,20,
unmapped_base,莫特斐,变奏技能,,,不协和音,168.99%,,20,
unmapped_base,布兰特,共鸣技能,,,起锚！,200.35%+133.57%,,20,
unmapped_base,布兰特,共鸣解放,,,直到世界尽头,85.06%*4+340.21%,,20,
unmapped_base,布兰特,变奏技能,,,为我！,202.79%+50.70%,,20,
unmapped_base,露帕,共鸣技能,,,围猎,140.77%,,20,
unmapped_base,露帕,共鸣解放,,,荣光欢酣于火,820.44%,,20,
unmapped_base,露帕,变奏技能,,,你在看哪里？,29.76%+42.16%*4,,20,
unmapped_base,莫宁,共鸣解放,,,临界协议,522.33%,,20,
unmapped_base,莫宁,变奏技能,,,归敛,202.79%,,20,
unmapped_base,卡卡罗,共鸣解放,,,幻影蚀刻,596.43%,,20,
unmapped_base,卡卡罗,共鸣解放,,,猎犬剑技·狂噬影狱第一段,88.07%,,20,
unmapped_base,卡卡罗,共鸣解放,,,猎犬剑技·狂噬影狱第二段,35.23%*2+52.84%*2,,20,
unmapped_base,卡卡罗,共鸣解放,,,猎犬剑技·狂噬影狱第三段,163.84%,,20,
unmapped_base,卡卡罗,共鸣解放,,,猎犬剑技·狂噬影狱第四段,34.82%*6,,20,
unmapped_base,卡卡罗,共鸣解放,,,猎犬剑技·狂噬影狱第五段,150.19%*2,,20,
unmapped_base,卡卡罗,变奏技能,,,全境通缉,39.77%*2+59.65%*2,,20,
unmapped_base,吟霖,共鸣解放,,,破天雷灭击,116.56%*7,,20,
unmapped_base,吟霖,变奏技能,,,狂雷飓风,14.32%*10,,20,
unmapped_base,渊武,共鸣技能,,,拳震凌武,23.86%,,20,
unmapped_base,渊武,共鸣解放,,,寂土重明,174.96%*2,,20,
unmapped_base,渊武,变奏技能,,,轰雷,63.62%,,20,
unmapped_base,相里要,共鸣技能,,,基本推衍,198.81%,,20,
unmapped_base,相里要,变奏技能,,,正理,99.41%*2,,20,
unmapped_base,奥古斯塔,共鸣技能,,,斩锋,218.70%*3,,20,
unmapped_base,奥古斯塔,变奏技能,,,灼金的巡行,99.41%*2,,20,
unmapped_base,卜灵,变奏技能,,,召劾鬼神,131.10%,,20,
unmapped_base,忌炎,共鸣技能,,,枪扫风定,106.36%*4,,20,
unmapped_base,忌炎,变奏技能,,,攻其不备,198.81%,,20,
unmapped_base,鉴心,常态攻击,,,闪避反击伤害,40.83%*2+163.29%,,19,
unmapped_base,鉴心,变奏技能,,,掌息之要,33.80%*3+67.60%,,19,
unmapped_base,鉴心,共鸣回路,,,未达小周天最终盾量,831+35.83%,,20,
unmapped_base,鉴心,共鸣回路,,,小周天最终盾量,1662+71.66%,,20,
unmapped_base,鉴心,共鸣回路,,,大周天·内最终盾量,3325+143.33%,,20,
unmapped_base,鉴心,共鸣回路,,,大周天·外最终盾量,5539+238.78%,,20,
unmapped_base,漂泊者·气动,共鸣解放,,,万象归墟,536.79%,,20,
unmapped_base,漂泊者·气动,变奏技能,,,狂岚未尽,79.53%+119.29%,,20,
unmapped_base,秧秧,共鸣技能,,,流风载域,34.53%*4+207.19%,,19,
unmapped_base,秧秧,共鸣解放,,,朔风旋涌,46.58%*12+372.70%,,20,
unmapped_base,秧秧,变奏技能,,,湛蓝礼赞,79.52%*2,,20,
unmapped_base,秋水,常态攻击,,,空中攻击,59.65%,,20,
unmapped_base,秋水,共鸣技能,,,雾化幻影生命值,100%,,20,
unmapped_base,秋水,共鸣解放,,,雾里观花,397.62%,,20,
unmapped_base,秋水,共鸣解放,,,虚实之门攻击提升,10%,,20,
unmapped_base,秋水,变奏技能,,,虚晃一枪,66.27%*3,,20,
unmapped_base,秋水,共鸣回路,,,移动速度提升,40%,,20,
unmapped_base,夏空,共鸣技能,,,谐律速奏,40.39%*4,,20,
unmapped_base,夏空,变奏技能,,,携风吟游,189.11%,,20,
unmapped_base,卡提希娅,常态攻击,,,空中攻击,5.65%,,20,
unmapped_base,卡提希娅,常态攻击,,,空中攻击回收一剑,5.65%,,20,
unmapped_base,卡提希娅,常态攻击,,,空中攻击回收二剑,3.30%*3,,20,
unmapped_base,卡提希娅,常态攻击,,,空中攻击回收三剑,11.29%*3,,20,
unmapped_base,卡提希娅,共鸣技能,,,此剑以人之名,6.89%*3+8.86%,,20,
unmapped_base,尤诺,常态攻击,,,空中攻击,53.68%*2,,20,
unmapped_base,尤诺,常态攻击,,,月环·闪避反击,82.08%*2+84.57%,,20,
unmapped_base,尤诺,共鸣解放,,,溺失月海,1093.46%,,20,
unmapped_base,尤诺,变奏技能,,,照我以显,15.91%*7+47.72%,,20,
unmapped_base,仇远,共鸣技能,,,穿林打叶,71.84%*3,,20,
unmapped_base,仇远,共鸣解放,,,万钧一断,795.24%,,20,
unmapped_base,仇远,变奏技能,,,攻其必救,9.55%*5+47.72%+143.15%,,20,
unmapped_base,仇远,共鸣回路,,,答剑·弦歌不辍伤害,91.44%+91.44%+91.44%+91.44%+91.44%,,20,
unmapped_base,西格莉卡,共鸣解放,,,如那期望般！,861.43%,,20,
unmapped_base,西格莉卡,变奏技能,,,昭日的语源,163.42%,,20,
unmapped_base,漂泊者·衍射,常态攻击,,,闪避反击伤害,195.34%,,20,
unmapped_base,漂泊者·衍射,共鸣技能,,,浮声千斩,236.19%,,20,
unmapped_base,漂泊者·衍射,共鸣解放,,,回响奏鸣,198.81%+675.96%,,20,
unmapped_base,漂泊者·衍射,变奏技能,,,震声,168.99%,,20,
unmapped_base,维里奈,共鸣技能,,,扩繁试验,35.79%*3+71.58%,,20,
unmapped_base,维里奈,共鸣解放,,,草木生长,198.81%,,20,
unmapped_base,维里奈,变奏技能,,,蔓延,99.41%,,20,
unmapped_base,灯灯,常态攻击,,,黄灯·普攻,31.81%*3,,20,
unmapped_base,灯灯,常态攻击,,,飞星,63.62%,,20,
unmapped_base,灯灯,常态攻击,,,黄灯·下落攻击,95.43%,,20,
unmapped_base,灯灯,共鸣解放,,,啾啾专送,954.29%,,20,
unmapped_base,灯灯,变奏技能,,,专项派送,56.33%*3,,20,
unmapped_base,菲比,常态攻击,,,空中攻击伤害,46.23%*2,,20,
unmapped_base,菲比,共鸣技能,,,追寻光芒之所,62.63%*2,,20,
unmapped_base,菲比,共鸣技能,,,【镜之环】折射圣辉伤害,14.92%*2,,20,
unmapped_base,菲比,共鸣解放,,,启明之誓愿,401.60%,,20,
unmapped_base,菲比,变奏技能,,,金色恩典,198.81%,,20,
unmapped_base,赞妮,共鸣解放,,,普攻倍率提升,25%,,20,
unmapped_base,赞妮,变奏技能,,,即刻执行,24.24%*5+80.80%,,20,
unmapped_base,赞妮,共鸣回路,,,每点【焰光】增加倍率,9.95%,,20,
unmapped_base,千咲,共鸣解放,,,即刻·归无,954.29%,,20,
unmapped_base,千咲,变奏技能,,,鸣响·再临,95.43%,,20,
unmapped_base,千咲,共鸣回路,,,每点【锯环残响】增加倍率,2.59%,,20,
unmapped_base,千咲,共鸣回路,,,锯环·终结护盾量,3800+168.00%,,20,
unmapped_base,琳奈,常态攻击,,,绮彩巡游·闪避反击,184.20%,,20,
unmapped_base,琳奈,共鸣回路,,,普攻·幻光折跃·第1段,33.80%*3,,20,
unmapped_base,琳奈,共鸣回路,,,普攻·幻光折跃·第2段,16.90%*6,,20,
unmapped_base,琳奈,共鸣回路,,,普攻·幻光折跃·第3段,13.10%*8,,20,
unmapped_base,桃祈,共鸣技能,,,固若金汤,134.92%,,20,
unmapped_base,桃祈,共鸣技能,,,磐岩护壁减伤,15%,,10,
unmapped_base,桃祈,共鸣解放,,,不动如山,449.71%,,20,
unmapped_base,桃祈,变奏技能,,,携攻守阵,208.76%,,20,
unmapped_base,桃祈,共鸣回路,,,御反之隙第一段护盾,570+23.62%,,20,
unmapped_base,桃祈,共鸣回路,,,御反之隙第二段护盾,855+35.43%,,20,
unmapped_base,桃祈,共鸣回路,,,御反之隙第三段护盾,1425+59.06%,,20,
unmapped_base,丹瑾,常态攻击,,,闪避反击伤害,63.62%*3,,20,
unmapped_base,丹瑾,变奏技能,,,击雠,49.71%*4,,20,
unmapped_base,椿,共鸣解放,,,芳华绽烬,1202.81%,,20,
unmapped_base,椿,变奏技能,,,八千春秋,198.81%,,20,
unmapped_base,漂泊者·湮灭,共鸣技能,,,行刃,286.29%*2,,20,
unmapped_base,漂泊者·湮灭,共鸣解放,,,临渊死寂,1520.90%,,20,
unmapped_base,漂泊者·湮灭,变奏技能,,,化刹,198.81%,,20,
unmapped_base,洛可可,共鸣技能,,,高难度设计,61.47%*8,,20,
unmapped_base,洛可可,共鸣解放,,,即兴喜剧，开场,278.34%*3,,20,
unmapped_base,洛可可,变奏技能,,,佩洛，来帮忙,168.99%,,20,
unmapped_base,弗洛洛,共鸣技能,,,稍纵即逝的梦呓,105.97%*2,,20,
unmapped_base,弗洛洛,共鸣解放,,,谢幕伤害,465.22%,,20,
unmapped_base,陆·赫斯,共鸣解放,,,于永冻中释义,745.54%+49.71%*5,,20,
unmapped_base,陆·赫斯,变奏技能,,,注入黎明以前,72.67%*3,,20,
